ISO-10303-21;
HEADER;
FILE_DESCRIPTION(('Open CASCADE Model'),'2;1');
FILE_NAME('Open CASCADE Shape Model','2026-09-26T10:39:25',('Author'),(
    'Open CASCADE'),'Open CASCADE STEP processor 7.9','Open CASCADE 7.9'
  ,'Unknown');
FILE_SCHEMA(('AUTOMOTIVE_DESIGN { 1 0 10303 214 1 1 1 1 }'));
ENDSEC;
DATA;
#1 = APPLICATION_PROTOCOL_DEFINITION('international standard',
  'automotive_design',2000,#2);
#2 = APPLICATION_CONTEXT(
  'core data for automotive mechanical design processes');
#3 = SHAPE_DEFINITION_REPRESENTATION(#4,#10);
#4 = PRODUCT_DEFINITION_SHAPE('','',#5);
#5 = PRODUCT_DEFINITION('design','',#6,#9);
#6 = PRODUCT_DEFINITION_FORMATION('','',#7);
#7 = PRODUCT('Open CASCADE STEP translator 7.9 1',
  'Open CASCADE STEP translator 7.9 1','',(#8));
#8 = PRODUCT_CONTEXT('',#2,'mechanical');
#9 = PRODUCT_DEFINITION_CONTEXT('part definition',#2,'design');
#10 = ADVANCED_BREP_SHAPE_REPRESENTATION('',(#11,#15),#2903);
#11 = AXIS2_PLACEMENT_3D('',#12,#13,#14);
#12 = CARTESIAN_POINT('',(0.,0.,0.));
#13 = DIRECTION('',(0.,0.,1.));
#14 = DIRECTION('',(1.,0.,-0.));
#15 = BREP_WITH_VOIDS('',#16,(#2509));
#16 = CLOSED_SHELL('',(#17,#85,#120,#155,#190,#245,#280,#315,#1224,#1259
    ,#1294,#1349,#1425,#1474,#1523,#1550,#1626,#1675,#1724,#1751,#1806,
    #1836,#1843,#1847,#1968,#2089,#2093,#2169,#2218,#2267,#2294,#2370,
    #2419,#2468,#2495,#2502));
#17 = ADVANCED_FACE('',(#18,#54),#31,.T.);
#18 = FACE_BOUND('',#19,.T.);
#19 = EDGE_LOOP('',(#20));
#20 = ORIENTED_EDGE('',*,*,#21,.T.);
#21 = EDGE_CURVE('',#22,#22,#24,.T.);
#22 = VERTEX_POINT('',#23);
#23 = CARTESIAN_POINT('',(123.,-3.012631125902E-14,300.));
#24 = SURFACE_CURVE('',#25,(#30,#42),.PCURVE_S1.);
#25 = CIRCLE('',#26,123.);
#26 = AXIS2_PLACEMENT_3D('',#27,#28,#29);
#27 = CARTESIAN_POINT('',(0.,0.,300.));
#28 = DIRECTION('',(0.,0.,1.));
#29 = DIRECTION('',(1.,0.,-0.));
#30 = PCURVE('',#31,#36);
#31 = PLANE('',#32);
#32 = AXIS2_PLACEMENT_3D('',#33,#34,#35);
#33 = CARTESIAN_POINT('',(0.,0.,300.));
#34 = DIRECTION('',(0.,0.,1.));
#35 = DIRECTION('',(1.,0.,-0.));
#36 = DEFINITIONAL_REPRESENTATION('',(#37),#41);
#37 = CIRCLE('',#38,123.);
#38 = AXIS2_PLACEMENT_2D('',#39,#40);
#39 = CARTESIAN_POINT('',(0.,0.));
#40 = DIRECTION('',(1.,0.));
#41 = ( GEOMETRIC_REPRESENTATION_CONTEXT(2) 
PARAMETRIC_REPRESENTATION_CONTEXT() REPRESENTATION_CONTEXT('2D SPACE',''
  ) );
#42 = PCURVE('',#43,#48);
#43 = PLANE('',#44);
#44 = AXIS2_PLACEMENT_3D('',#45,#46,#47);
#45 = CARTESIAN_POINT('',(0.,0.,300.));
#46 = DIRECTION('',(0.,0.,1.));
#47 = DIRECTION('',(1.,0.,-0.));
#48 = DEFINITIONAL_REPRESENTATION('',(#49),#53);
#49 = CIRCLE('',#50,123.);
#50 = AXIS2_PLACEMENT_2D('',#51,#52);
#51 = CARTESIAN_POINT('',(0.,0.));
#52 = DIRECTION('',(1.,0.));
#53 = ( GEOMETRIC_REPRESENTATION_CONTEXT(2) 
PARAMETRIC_REPRESENTATION_CONTEXT() REPRESENTATION_CONTEXT('2D SPACE',''
  ) );
#54 = FACE_BOUND('',#55,.T.);
#55 = EDGE_LOOP('',(#56));
#56 = ORIENTED_EDGE('',*,*,#57,.F.);
#57 = EDGE_CURVE('',#58,#58,#60,.T.);
#58 = VERTEX_POINT('',#59);
#59 = CARTESIAN_POINT('',(122.2,-2.993036777116E-14,300.));
#60 = SURFACE_CURVE('',#61,(#66,#73),.PCURVE_S1.);
#61 = CIRCLE('',#62,122.2);
#62 = AXIS2_PLACEMENT_3D('',#63,#64,#65);
#63 = CARTESIAN_POINT('',(0.,0.,300.));
#64 = DIRECTION('',(0.,0.,1.));
#65 = DIRECTION('',(1.,0.,-0.));
#66 = PCURVE('',#31,#67);
#67 = DEFINITIONAL_REPRESENTATION('',(#68),#72);
#68 = CIRCLE('',#69,122.2);
#69 = AXIS2_PLACEMENT_2D('',#70,#71);
#70 = CARTESIAN_POINT('',(0.,0.));
#71 = DIRECTION('',(1.,0.));
#72 = ( GEOMETRIC_REPRESENTATION_CONTEXT(2) 
PARAMETRIC_REPRESENTATION_CONTEXT() REPRESENTATION_CONTEXT('2D SPACE',''
  ) );
#73 = PCURVE('',#74,#79);
#74 = PLANE('',#75);
#75 = AXIS2_PLACEMENT_3D('',#76,#77,#78);
#76 = CARTESIAN_POINT('',(0.,0.,300.));
#77 = DIRECTION('',(0.,0.,1.));
#78 = DIRECTION('',(1.,0.,-0.));
#79 = DEFINITIONAL_REPRESENTATION('',(#80),#84);
#80 = CIRCLE('',#81,122.2);
#81 = AXIS2_PLACEMENT_2D('',#82,#83);
#82 = CARTESIAN_POINT('',(0.,0.));
#83 = DIRECTION('',(1.,0.));
#84 = ( GEOMETRIC_REPRESENTATION_CONTEXT(2) 
PARAMETRIC_REPRESENTATION_CONTEXT() REPRESENTATION_CONTEXT('2D SPACE',''
  ) );
#85 = ADVANCED_FACE('',(#86,#117),#43,.T.);
#86 = FACE_BOUND('',#87,.T.);
#87 = EDGE_LOOP('',(#88));
#88 = ORIENTED_EDGE('',*,*,#89,.T.);
#89 = EDGE_CURVE('',#90,#90,#92,.T.);
#90 = VERTEX_POINT('',#91);
#91 = CARTESIAN_POINT('',(142.,-3.477996909578E-14,300.));
#92 = SURFACE_CURVE('',#93,(#98,#105),.PCURVE_S1.);
#93 = CIRCLE('',#94,142.);
#94 = AXIS2_PLACEMENT_3D('',#95,#96,#97);
#95 = CARTESIAN_POINT('',(0.,0.,300.));
#96 = DIRECTION('',(0.,0.,1.));
#97 = DIRECTION('',(1.,0.,-0.));
#98 = PCURVE('',#43,#99);
#99 = DEFINITIONAL_REPRESENTATION('',(#100),#104);
#100 = CIRCLE('',#101,142.);
#101 = AXIS2_PLACEMENT_2D('',#102,#103);
#102 = CARTESIAN_POINT('',(0.,0.));
#103 = DIRECTION('',(1.,0.));
#104 = ( GEOMETRIC_REPRESENTATION_CONTEXT(2) 
PARAMETRIC_REPRESENTATION_CONTEXT() REPRESENTATION_CONTEXT('2D SPACE',''
  ) );
#105 = PCURVE('',#106,#111);
#106 = PLANE('',#107);
#107 = AXIS2_PLACEMENT_3D('',#108,#109,#110);
#108 = CARTESIAN_POINT('',(0.,0.,300.));
#109 = DIRECTION('',(0.,0.,1.));
#110 = DIRECTION('',(1.,0.,-0.));
#111 = DEFINITIONAL_REPRESENTATION('',(#112),#116);
#112 = CIRCLE('',#113,142.);
#113 = AXIS2_PLACEMENT_2D('',#114,#115);
#114 = CARTESIAN_POINT('',(0.,0.));
#115 = DIRECTION('',(1.,0.));
#116 = ( GEOMETRIC_REPRESENTATION_CONTEXT(2) 
PARAMETRIC_REPRESENTATION_CONTEXT() REPRESENTATION_CONTEXT('2D SPACE',''
  ) );
#117 = FACE_BOUND('',#118,.T.);
#118 = EDGE_LOOP('',(#119));
#119 = ORIENTED_EDGE('',*,*,#21,.F.);
#120 = ADVANCED_FACE('',(#121,#124),#74,.T.);
#121 = FACE_BOUND('',#122,.T.);
#122 = EDGE_LOOP('',(#123));
#123 = ORIENTED_EDGE('',*,*,#57,.T.);
#124 = FACE_BOUND('',#125,.T.);
#125 = EDGE_LOOP('',(#126));
#126 = ORIENTED_EDGE('',*,*,#127,.F.);
#127 = EDGE_CURVE('',#128,#128,#130,.T.);
#128 = VERTEX_POINT('',#129);
#129 = CARTESIAN_POINT('',(115.,-2.816687638039E-14,300.));
#130 = SURFACE_CURVE('',#131,(#136,#143),.PCURVE_S1.);
#131 = CIRCLE('',#132,115.);
#132 = AXIS2_PLACEMENT_3D('',#133,#134,#135);
#133 = CARTESIAN_POINT('',(0.,0.,300.));
#134 = DIRECTION('',(0.,0.,1.));
#135 = DIRECTION('',(1.,0.,-0.));
#136 = PCURVE('',#74,#137);
#137 = DEFINITIONAL_REPRESENTATION('',(#138),#142);
#138 = CIRCLE('',#139,115.);
#139 = AXIS2_PLACEMENT_2D('',#140,#141);
#140 = CARTESIAN_POINT('',(0.,0.));
#141 = DIRECTION('',(1.,0.));
#142 = ( GEOMETRIC_REPRESENTATION_CONTEXT(2) 
PARAMETRIC_REPRESENTATION_CONTEXT() REPRESENTATION_CONTEXT('2D SPACE',''
  ) );
#143 = PCURVE('',#144,#149);
#144 = CYLINDRICAL_SURFACE('',#145,115.);
#145 = AXIS2_PLACEMENT_3D('',#146,#147,#148);
#146 = CARTESIAN_POINT('',(0.,0.,-1.));
#147 = DIRECTION('',(0.,0.,1.));
#148 = DIRECTION('',(1.,0.,-0.));
#149 = DEFINITIONAL_REPRESENTATION('',(#150),#154);
#150 = LINE('',#151,#152);
#151 = CARTESIAN_POINT('',(0.,301.));
#152 = VECTOR('',#153,1.);
#153 = DIRECTION('',(1.,0.));
#154 = ( GEOMETRIC_REPRESENTATION_CONTEXT(2) 
PARAMETRIC_REPRESENTATION_CONTEXT() REPRESENTATION_CONTEXT('2D SPACE',''
  ) );
#155 = ADVANCED_FACE('',(#156,#187),#106,.T.);
#156 = FACE_BOUND('',#157,.T.);
#157 = EDGE_LOOP('',(#158));
#158 = ORIENTED_EDGE('',*,*,#159,.T.);
#159 = EDGE_CURVE('',#160,#160,#162,.T.);
#160 = VERTEX_POINT('',#161);
#161 = CARTESIAN_POINT('',(142.8,-3.497591258365E-14,300.));
#162 = SURFACE_CURVE('',#163,(#168,#175),.PCURVE_S1.);
#163 = CIRCLE('',#164,142.8);
#164 = AXIS2_PLACEMENT_3D('',#165,#166,#167);
#165 = CARTESIAN_POINT('',(0.,0.,300.));
#166 = DIRECTION('',(0.,0.,1.));
#167 = DIRECTION('',(1.,0.,-0.));
#168 = PCURVE('',#106,#169);
#169 = DEFINITIONAL_REPRESENTATION('',(#170),#174);
#170 = CIRCLE('',#171,142.8);
#171 = AXIS2_PLACEMENT_2D('',#172,#173);
#172 = CARTESIAN_POINT('',(0.,0.));
#173 = DIRECTION('',(1.,0.));
#174 = ( GEOMETRIC_REPRESENTATION_CONTEXT(2) 
PARAMETRIC_REPRESENTATION_CONTEXT() REPRESENTATION_CONTEXT('2D SPACE',''
  ) );
#175 = PCURVE('',#176,#181);
#176 = PLANE('',#177);
#177 = AXIS2_PLACEMENT_3D('',#178,#179,#180);
#178 = CARTESIAN_POINT('',(0.,0.,300.));
#179 = DIRECTION('',(0.,0.,1.));
#180 = DIRECTION('',(1.,0.,-0.));
#181 = DEFINITIONAL_REPRESENTATION('',(#182),#186);
#182 = CIRCLE('',#183,142.8);
#183 = AXIS2_PLACEMENT_2D('',#184,#185);
#184 = CARTESIAN_POINT('',(0.,0.));
#185 = DIRECTION('',(1.,0.));
#186 = ( GEOMETRIC_REPRESENTATION_CONTEXT(2) 
PARAMETRIC_REPRESENTATION_CONTEXT() REPRESENTATION_CONTEXT('2D SPACE',''
  ) );
#187 = FACE_BOUND('',#188,.T.);
#188 = EDGE_LOOP('',(#189));
#189 = ORIENTED_EDGE('',*,*,#89,.F.);
#190 = ADVANCED_FACE('',(#191),#144,.F.);
#191 = FACE_BOUND('',#192,.F.);
#192 = EDGE_LOOP('',(#193,#194,#217,#244));
#193 = ORIENTED_EDGE('',*,*,#127,.F.);
#194 = ORIENTED_EDGE('',*,*,#195,.F.);
#195 = EDGE_CURVE('',#196,#128,#198,.T.);
#196 = VERTEX_POINT('',#197);
#197 = CARTESIAN_POINT('',(115.,-2.816687638039E-14,0.));
#198 = SEAM_CURVE('',#199,(#203,#210),.PCURVE_S1.);
#199 = LINE('',#200,#201);
#200 = CARTESIAN_POINT('',(115.,-2.816687638039E-14,-1.));
#201 = VECTOR('',#202,1.);
#202 = DIRECTION('',(0.,0.,1.));
#203 = PCURVE('',#144,#204);
#204 = DEFINITIONAL_REPRESENTATION('',(#205),#209);
#205 = LINE('',#206,#207);
#206 = CARTESIAN_POINT('',(6.28318530718,-0.));
#207 = VECTOR('',#208,1.);
#208 = DIRECTION('',(0.,1.));
#209 = ( GEOMETRIC_REPRESENTATION_CONTEXT(2) 
PARAMETRIC_REPRESENTATION_CONTEXT() REPRESENTATION_CONTEXT('2D SPACE',''
  ) );
#210 = PCURVE('',#144,#211);
#211 = DEFINITIONAL_REPRESENTATION('',(#212),#216);
#212 = LINE('',#213,#214);
#213 = CARTESIAN_POINT('',(0.,-0.));
#214 = VECTOR('',#215,1.);
#215 = DIRECTION('',(0.,1.));
#216 = ( GEOMETRIC_REPRESENTATION_CONTEXT(2) 
PARAMETRIC_REPRESENTATION_CONTEXT() REPRESENTATION_CONTEXT('2D SPACE',''
  ) );
#217 = ORIENTED_EDGE('',*,*,#218,.T.);
#218 = EDGE_CURVE('',#196,#196,#219,.T.);
#219 = SURFACE_CURVE('',#220,(#225,#232),.PCURVE_S1.);
#220 = CIRCLE('',#221,115.);
#221 = AXIS2_PLACEMENT_3D('',#222,#223,#224);
#222 = CARTESIAN_POINT('',(0.,0.,0.));
#223 = DIRECTION('',(0.,0.,1.));
#224 = DIRECTION('',(1.,0.,-0.));
#225 = PCURVE('',#144,#226);
#226 = DEFINITIONAL_REPRESENTATION('',(#227),#231);
#227 = LINE('',#228,#229);
#228 = CARTESIAN_POINT('',(0.,1.));
#229 = VECTOR('',#230,1.);
#230 = DIRECTION('',(1.,0.));
#231 = ( GEOMETRIC_REPRESENTATION_CONTEXT(2) 
PARAMETRIC_REPRESENTATION_CONTEXT() REPRESENTATION_CONTEXT('2D SPACE',''
  ) );
#232 = PCURVE('',#233,#238);
#233 = PLANE('',#234);
#234 = AXIS2_PLACEMENT_3D('',#235,#236,#237);
#235 = CARTESIAN_POINT('',(0.,0.,0.));
#236 = DIRECTION('',(0.,0.,1.));
#237 = DIRECTION('',(1.,0.,-0.));
#238 = DEFINITIONAL_REPRESENTATION('',(#239),#243);
#239 = CIRCLE('',#240,115.);
#240 = AXIS2_PLACEMENT_2D('',#241,#242);
#241 = CARTESIAN_POINT('',(0.,0.));
#242 = DIRECTION('',(1.,0.));
#243 = ( GEOMETRIC_REPRESENTATION_CONTEXT(2) 
PARAMETRIC_REPRESENTATION_CONTEXT() REPRESENTATION_CONTEXT('2D SPACE',''
  ) );
#244 = ORIENTED_EDGE('',*,*,#195,.T.);
#245 = ADVANCED_FACE('',(#246,#277),#176,.T.);
#246 = FACE_BOUND('',#247,.T.);
#247 = EDGE_LOOP('',(#248));
#248 = ORIENTED_EDGE('',*,*,#249,.T.);
#249 = EDGE_CURVE('',#250,#250,#252,.T.);
#250 = VERTEX_POINT('',#251);
#251 = CARTESIAN_POINT('',(150.,-3.673940397442E-14,300.));
#252 = SURFACE_CURVE('',#253,(#258,#265),.PCURVE_S1.);
#253 = CIRCLE('',#254,150.);
#254 = AXIS2_PLACEMENT_3D('',#255,#256,#257);
#255 = CARTESIAN_POINT('',(0.,0.,300.));
#256 = DIRECTION('',(0.,0.,1.));
#257 = DIRECTION('',(1.,0.,-0.));
#258 = PCURVE('',#176,#259);
#259 = DEFINITIONAL_REPRESENTATION('',(#260),#264);
#260 = CIRCLE('',#261,150.);
#261 = AXIS2_PLACEMENT_2D('',#262,#263);
#262 = CARTESIAN_POINT('',(0.,0.));
#263 = DIRECTION('',(1.,0.));
#264 = ( GEOMETRIC_REPRESENTATION_CONTEXT(2) 
PARAMETRIC_REPRESENTATION_CONTEXT() REPRESENTATION_CONTEXT('2D SPACE',''
  ) );
#265 = PCURVE('',#266,#271);
#266 = CYLINDRICAL_SURFACE('',#267,150.);
#267 = AXIS2_PLACEMENT_3D('',#268,#269,#270);
#268 = CARTESIAN_POINT('',(0.,0.,0.));
#269 = DIRECTION('',(0.,0.,1.));
#270 = DIRECTION('',(1.,0.,-0.));
#271 = DEFINITIONAL_REPRESENTATION('',(#272),#276);
#272 = LINE('',#273,#274);
#273 = CARTESIAN_POINT('',(0.,300.));
#274 = VECTOR('',#275,1.);
#275 = DIRECTION('',(1.,0.));
#276 = ( GEOMETRIC_REPRESENTATION_CONTEXT(2) 
PARAMETRIC_REPRESENTATION_CONTEXT() REPRESENTATION_CONTEXT('2D SPACE',''
  ) );
#277 = FACE_BOUND('',#278,.T.);
#278 = EDGE_LOOP('',(#279));
#279 = ORIENTED_EDGE('',*,*,#159,.F.);
#280 = ADVANCED_FACE('',(#281,#312),#233,.F.);
#281 = FACE_BOUND('',#282,.F.);
#282 = EDGE_LOOP('',(#283));
#283 = ORIENTED_EDGE('',*,*,#284,.T.);
#284 = EDGE_CURVE('',#285,#285,#287,.T.);
#285 = VERTEX_POINT('',#286);
#286 = CARTESIAN_POINT('',(122.2,-2.993036777116E-14,0.));
#287 = SURFACE_CURVE('',#288,(#293,#300),.PCURVE_S1.);
#288 = CIRCLE('',#289,122.2);
#289 = AXIS2_PLACEMENT_3D('',#290,#291,#292);
#290 = CARTESIAN_POINT('',(0.,0.,0.));
#291 = DIRECTION('',(0.,0.,1.));
#292 = DIRECTION('',(1.,0.,-0.));
#293 = PCURVE('',#233,#294);
#294 = DEFINITIONAL_REPRESENTATION('',(#295),#299);
#295 = CIRCLE('',#296,122.2);
#296 = AXIS2_PLACEMENT_2D('',#297,#298);
#297 = CARTESIAN_POINT('',(0.,0.));
#298 = DIRECTION('',(1.,0.));
#299 = ( GEOMETRIC_REPRESENTATION_CONTEXT(2) 
PARAMETRIC_REPRESENTATION_CONTEXT() REPRESENTATION_CONTEXT('2D SPACE',''
  ) );
#300 = PCURVE('',#301,#306);
#301 = PLANE('',#302);
#302 = AXIS2_PLACEMENT_3D('',#303,#304,#305);
#303 = CARTESIAN_POINT('',(0.,0.,0.));
#304 = DIRECTION('',(0.,0.,1.));
#305 = DIRECTION('',(1.,0.,-0.));
#306 = DEFINITIONAL_REPRESENTATION('',(#307),#311);
#307 = CIRCLE('',#308,122.2);
#308 = AXIS2_PLACEMENT_2D('',#309,#310);
#309 = CARTESIAN_POINT('',(0.,0.));
#310 = DIRECTION('',(1.,0.));
#311 = ( GEOMETRIC_REPRESENTATION_CONTEXT(2) 
PARAMETRIC_REPRESENTATION_CONTEXT() REPRESENTATION_CONTEXT('2D SPACE',''
  ) );
#312 = FACE_BOUND('',#313,.F.);
#313 = EDGE_LOOP('',(#314));
#314 = ORIENTED_EDGE('',*,*,#218,.F.);
#315 = ADVANCED_FACE('',(#316,#370,#685,#797,#909),#266,.T.);
#316 = FACE_BOUND('',#317,.T.);
#317 = EDGE_LOOP('',(#318,#319,#342,#369));
#318 = ORIENTED_EDGE('',*,*,#249,.F.);
#319 = ORIENTED_EDGE('',*,*,#320,.F.);
#320 = EDGE_CURVE('',#321,#250,#323,.T.);
#321 = VERTEX_POINT('',#322);
#322 = CARTESIAN_POINT('',(150.,-3.673940397442E-14,0.));
#323 = SEAM_CURVE('',#324,(#328,#335),.PCURVE_S1.);
#324 = LINE('',#325,#326);
#325 = CARTESIAN_POINT('',(150.,-3.673940397442E-14,0.));
#326 = VECTOR('',#327,1.);
#327 = DIRECTION('',(0.,0.,1.));
#328 = PCURVE('',#266,#329);
#329 = DEFINITIONAL_REPRESENTATION('',(#330),#334);
#330 = LINE('',#331,#332);
#331 = CARTESIAN_POINT('',(6.28318530718,-0.));
#332 = VECTOR('',#333,1.);
#333 = DIRECTION('',(0.,1.));
#334 = ( GEOMETRIC_REPRESENTATION_CONTEXT(2) 
PARAMETRIC_REPRESENTATION_CONTEXT() REPRESENTATION_CONTEXT('2D SPACE',''
  ) );
#335 = PCURVE('',#266,#336);
#336 = DEFINITIONAL_REPRESENTATION('',(#337),#341);
#337 = LINE('',#338,#339);
#338 = CARTESIAN_POINT('',(0.,-0.));
#339 = VECTOR('',#340,1.);
#340 = DIRECTION('',(0.,1.));
#341 = ( GEOMETRIC_REPRESENTATION_CONTEXT(2) 
PARAMETRIC_REPRESENTATION_CONTEXT() REPRESENTATION_CONTEXT('2D SPACE',''
  ) );
#342 = ORIENTED_EDGE('',*,*,#343,.T.);
#343 = EDGE_CURVE('',#321,#321,#344,.T.);
#344 = SURFACE_CURVE('',#345,(#350,#357),.PCURVE_S1.);
#345 = CIRCLE('',#346,150.);
#346 = AXIS2_PLACEMENT_3D('',#347,#348,#349);
#347 = CARTESIAN_POINT('',(0.,0.,0.));
#348 = DIRECTION('',(0.,0.,1.));
#349 = DIRECTION('',(1.,0.,-0.));
#350 = PCURVE('',#266,#351);
#351 = DEFINITIONAL_REPRESENTATION('',(#352),#356);
#352 = LINE('',#353,#354);
#353 = CARTESIAN_POINT('',(0.,0.));
#354 = VECTOR('',#355,1.);
#355 = DIRECTION('',(1.,0.));
#356 = ( GEOMETRIC_REPRESENTATION_CONTEXT(2) 
PARAMETRIC_REPRESENTATION_CONTEXT() REPRESENTATION_CONTEXT('2D SPACE',''
  ) );
#357 = PCURVE('',#358,#363);
#358 = PLANE('',#359);
#359 = AXIS2_PLACEMENT_3D('',#360,#361,#362);
#360 = CARTESIAN_POINT('',(0.,0.,0.));
#361 = DIRECTION('',(0.,0.,1.));
#362 = DIRECTION('',(1.,0.,-0.));
#363 = DEFINITIONAL_REPRESENTATION('',(#364),#368);
#364 = CIRCLE('',#365,150.);
#365 = AXIS2_PLACEMENT_2D('',#366,#367);
#366 = CARTESIAN_POINT('',(0.,0.));
#367 = DIRECTION('',(1.,0.));
#368 = ( GEOMETRIC_REPRESENTATION_CONTEXT(2) 
PARAMETRIC_REPRESENTATION_CONTEXT() REPRESENTATION_CONTEXT('2D SPACE',''
  ) );
#369 = ORIENTED_EDGE('',*,*,#320,.T.);
#370 = FACE_BOUND('',#371,.T.);
#371 = EDGE_LOOP('',(#372));
#372 = ORIENTED_EDGE('',*,*,#373,.F.);
#373 = EDGE_CURVE('',#374,#374,#376,.T.);
#374 = VERTEX_POINT('',#375);
#375 = CARTESIAN_POINT('',(1.41203013903E-14,150.,12.1));
#376 = SURFACE_CURVE('',#377,(#476,#578),.PCURVE_S1.);
#377 = B_SPLINE_CURVE_WITH_KNOTS('',7,(#378,#379,#380,#381,#382,#383,
    #384,#385,#386,#387,#388,#389,#390,#391,#392,#393,#394,#395,#396,
    #397,#398,#399,#400,#401,#402,#403,#404,#405,#406,#407,#408,#409,
    #410,#411,#412,#413,#414,#415,#416,#417,#418,#419,#420,#421,#422,
    #423,#424,#425,#426,#427,#428,#429,#430,#431,#432,#433,#434,#435,
    #436,#437,#438,#439,#440,#441,#442,#443,#444,#445,#446,#447,#448,
    #449,#450,#451,#452,#453,#454,#455,#456,#457,#458,#459,#460,#461,
    #462,#463,#464,#465,#466,#467,#468,#469,#470,#471,#472,#473,#474,
    #475),.UNSPECIFIED.,.T.,.F.,(8,6,6,6,6,6,6,6,6,6,6,6,6,6,6,6,8),(0.,
    4.757317394341E-02,7.800631542763E-02,0.117984622259,0.151655650096,
    0.249347531488,0.347175837817,0.422732144078,0.50169932839,
    0.577729841159,0.680645276368,0.749900313675,0.821144775058,
    0.882151787914,0.922083895754,0.952481868653,1.),.UNSPECIFIED.);
#378 = CARTESIAN_POINT('',(1.06581410364E-14,150.,12.1));
#379 = CARTESIAN_POINT('',(-1.014970984594,150.,12.1));
#380 = CARTESIAN_POINT('',(-2.027938877727,149.99198773881,
    12.16163415617));
#381 = CARTESIAN_POINT('',(-3.031318539105,149.97601937977,
    12.284463037255));
#382 = CARTESIAN_POINT('',(-4.017634037557,149.95250996022,
    12.466517098922));
#383 = CARTESIAN_POINT('',(-4.979721346631,149.92221533179,
    12.704329821483));
#384 = CARTESIAN_POINT('',(-5.910926437663,149.88616513996,
    12.992964107651));
#385 = CARTESIAN_POINT('',(-7.377439695252,149.81956282124,
    13.539099508347));
#386 = CARTESIAN_POINT('',(-7.935274971924,149.79167455182,
    13.770636609213));
#387 = CARTESIAN_POINT('',(-8.47824032376,149.7621358588,14.019456623547
    ));
#388 = CARTESIAN_POINT('',(-9.005842634538,149.7312035923,
    14.284366521808));
#389 = CARTESIAN_POINT('',(-9.517659868545,149.69913325418,
    14.564166465958));
#390 = CARTESIAN_POINT('',(-10.0133409907,149.66617462369,
    14.857649411146));
#391 = CARTESIAN_POINT('',(-11.12218923334,149.5884194411,
    15.565511722777));
#392 = CARTESIAN_POINT('',(-11.72360351236,149.54314087683,
    15.989040864828));
#393 = CARTESIAN_POINT('',(-12.29697198541,149.49722030682,
    16.431955641696));
#394 = CARTESIAN_POINT('',(-12.8425204834,149.45110109236,
    16.892221828141));
#395 = CARTESIAN_POINT('',(-13.3605564005,149.40518179056,
    17.367986194998));
#396 = CARTESIAN_POINT('',(-13.85144768819,149.35981660521,
    17.857559238656));
#397 = CARTESIAN_POINT('',(-14.70652755179,149.27783584652,
    18.782062731317));
#398 = CARTESIAN_POINT('',(-15.07856769504,149.24096144652,
    19.21351528597));
#399 = CARTESIAN_POINT('',(-15.43202658098,149.20487181887,
    19.652920959306));
#400 = CARTESIAN_POINT('',(-15.76721053346,149.16972550538,
    20.099529894652));
#401 = CARTESIAN_POINT('',(-16.08442207018,149.13566237842,
    20.552669144984));
#402 = CARTESIAN_POINT('',(-16.38395407452,149.10280561094,
    21.011734824038));
#403 = CARTESIAN_POINT('',(-17.48464525911,148.97974895162,
    22.823720756132));
#404 = CARTESIAN_POINT('',(-18.15701235618,148.89926887659,
    24.21706137808));
#405 = CARTESIAN_POINT('',(-18.68950538023,148.83251885633,
    25.64258325285));
#406 = CARTESIAN_POINT('',(-19.08727755557,148.78117839615,
    27.090170294998));
#407 = CARTESIAN_POINT('',(-19.35398614675,148.74624286265,
    28.551921475578));
#408 = CARTESIAN_POINT('',(-19.49150768542,148.72821250984,
    30.021108324933));
#409 = CARTESIAN_POINT('',(-19.5078987241,148.72606347169,
    32.963708218553));
#410 = CARTESIAN_POINT('',(-19.38639892851,148.74199318003,
    34.435722114934));
#411 = CARTESIAN_POINT('',(-19.13548411175,148.77491903816,
    35.901013484824));
#412 = CARTESIAN_POINT('',(-18.75341992088,148.82437857008,
    37.352863269714));
#413 = CARTESIAN_POINT('',(-18.2366842357,148.88941803986,
    38.783446731182));
#414 = CARTESIAN_POINT('',(-17.58023750136,148.96841028623,
    40.182796409102));
#415 = CARTESIAN_POINT('',(-16.15810334567,149.12848361137,
    42.58382959996));
#416 = CARTESIAN_POINT('',(-15.4508616814,149.20504555478,
    43.604274956254));
#417 = CARTESIAN_POINT('',(-14.6530119278,149.28722081805,
    44.592593621286));
#418 = CARTESIAN_POINT('',(-13.76122699967,149.37342949211,
    45.540919220097));
#419 = CARTESIAN_POINT('',(-12.77223196604,149.46160698979,
    46.439510861892));
#420 = CARTESIAN_POINT('',(-11.68324293197,149.54907696744,
    47.27632495713));
#421 = CARTESIAN_POINT('',(-9.248219287379,149.7198268508,48.8307860634)
  );
#422 = CARTESIAN_POINT('',(-7.877897030323,149.8037842523,
    49.550862584692));
#423 = CARTESIAN_POINT('',(-6.395059986851,149.87910906092,
    50.163091001407));
#424 = CARTESIAN_POINT('',(-4.818903870015,149.94019527178,
    50.640559405503));
#425 = CARTESIAN_POINT('',(-3.173278701077,149.98221202847,
    50.963142207007));
#426 = CARTESIAN_POINT('',(-1.485140827197,150.0023081171,
    51.117755867053));
#427 = CARTESIAN_POINT('',(1.85629867107,149.99746896591,51.080529356147
    ));
#428 = CARTESIAN_POINT('',(3.475557265061,149.9742284438,50.901727037086
    ));
#429 = CARTESIAN_POINT('',(5.050466957683,149.93106531849,
    50.569014871314));
#430 = CARTESIAN_POINT('',(6.557902680988,149.87075931498,
    50.095051278993));
#431 = CARTESIAN_POINT('',(7.97751802634,149.79765487075,49.498184258524
    ));
#432 = CARTESIAN_POINT('',(9.29293123418,149.71669153845,48.802243021347
    ));
#433 = CARTESIAN_POINT('',(12.116493908415,149.51869633691,
    46.99974785135));
#434 = CARTESIAN_POINT('',(13.55061765583,149.39746989708,
    45.820781779632));
#435 = CARTESIAN_POINT('',(14.799859097483,149.27717616196,
    44.537425110968));
#436 = CARTESIAN_POINT('',(15.872747004192,149.16398109659,
    43.177102574185));
#437 = CARTESIAN_POINT('',(16.778271372193,149.06198815013,
    41.760147794201));
#438 = CARTESIAN_POINT('',(17.524630051984,148.97397229802,
    40.301187415534));
#439 = CARTESIAN_POINT('',(18.51699182872,148.85322540307,
    37.807761915237));
#440 = CARTESIAN_POINT('',(18.846814878943,148.81182681093,
    36.79050383777));
#441 = CARTESIAN_POINT('',(19.108950706289,148.77818793555,
    35.762553170661));
#442 = CARTESIAN_POINT('',(19.304681923953,148.7527077029,34.72695199252
    ));
#443 = CARTESIAN_POINT('',(19.434884745916,148.73563652362,
    33.686363171768));
#444 = CARTESIAN_POINT('',(19.5,148.72709907747,32.643240869233));
#445 = CARTESIAN_POINT('',(19.5,148.72709907747,30.526790935176));
#446 = CARTESIAN_POINT('',(19.431089964444,148.7361340714,
    29.453718584159));
#447 = CARTESIAN_POINT('',(19.293302803699,148.7541996382,
    28.383404981487));
#448 = CARTESIAN_POINT('',(19.086143606199,148.78115633384,
    27.318516972847));
#449 = CARTESIAN_POINT('',(18.80862920579,148.81672396071,
    26.261962455983));
#450 = CARTESIAN_POINT('',(18.45932289885,148.86045450864,
    25.217087927098));
#451 = CARTESIAN_POINT('',(17.674182613206,148.95555165528,
    23.306558802987));
#452 = CARTESIAN_POINT('',(17.258005438668,149.00491683522,
    22.436753913151));
#453 = CARTESIAN_POINT('',(16.786583951331,149.05937178015,
    21.580749327407));
#454 = CARTESIAN_POINT('',(16.258390721919,149.11839893207,
    20.741287389923));
#455 = CARTESIAN_POINT('',(15.671708987948,149.18133395213,
    19.921708115433));
#456 = CARTESIAN_POINT('',(15.02472191356,149.24732897073,
    19.126091179796));
#457 = CARTESIAN_POINT('',(13.851447688204,149.35981660521,
    17.857559238663));
#458 = CARTESIAN_POINT('',(13.360556400502,149.40518179056,
    17.367986194997));
#459 = CARTESIAN_POINT('',(12.842520483395,149.45110109236,
    16.892221828135));
#460 = CARTESIAN_POINT('',(12.296971985405,149.49722030682,
    16.431955641691));
#461 = CARTESIAN_POINT('',(11.72360351236,149.54314087683,
    15.989040864829));
#462 = CARTESIAN_POINT('',(11.122189233353,149.5884194411,
    15.565511722783));
#463 = CARTESIAN_POINT('',(10.013340990716,149.66617462369,
    14.857649411155));
#464 = CARTESIAN_POINT('',(9.517659868548,149.69913325418,
    14.564166465958));
#465 = CARTESIAN_POINT('',(9.005842634527,149.7312035923,14.284366521801
    ));
#466 = CARTESIAN_POINT('',(8.478240323748,149.7621358588,14.019456623543
    ));
#467 = CARTESIAN_POINT('',(7.935274971926,149.79167455182,
    13.770636609215));
#468 = CARTESIAN_POINT('',(7.377439695268,149.81956282124,
    13.539099508352));
#469 = CARTESIAN_POINT('',(5.910927697996,149.88616508272,
    12.992964577004));
#470 = CARTESIAN_POINT('',(4.979722297274,149.92221530619,
    12.704330010418));
#471 = CARTESIAN_POINT('',(4.017633524782,149.95250999814,
    12.466516793377));
#472 = CARTESIAN_POINT('',(3.031316131541,149.97601945423,
    12.284462461796));
#473 = CARTESIAN_POINT('',(2.027935102107,149.9919877932,12.161633738798
    ));
#474 = CARTESIAN_POINT('',(1.014967540079,150.,12.1));
#475 = CARTESIAN_POINT('',(1.06581410364E-14,150.,12.1));
#476 = PCURVE('',#266,#477);
#477 = DEFINITIONAL_REPRESENTATION('',(#478),#577);
#478 = B_SPLINE_CURVE_WITH_KNOTS('',7,(#479,#480,#481,#482,#483,#484,
    #485,#486,#487,#488,#489,#490,#491,#492,#493,#494,#495,#496,#497,
    #498,#499,#500,#501,#502,#503,#504,#505,#506,#507,#508,#509,#510,
    #511,#512,#513,#514,#515,#516,#517,#518,#519,#520,#521,#522,#523,
    #524,#525,#526,#527,#528,#529,#530,#531,#532,#533,#534,#535,#536,
    #537,#538,#539,#540,#541,#542,#543,#544,#545,#546,#547,#548,#549,
    #550,#551,#552,#553,#554,#555,#556,#557,#558,#559,#560,#561,#562,
    #563,#564,#565,#566,#567,#568,#569,#570,#571,#572,#573,#574,#575,
    #576),.UNSPECIFIED.,.T.,.F.,(8,6,6,6,6,6,6,6,6,6,6,6,6,6,6,6,8),(0.,
    4.757317394341E-02,7.800631542763E-02,0.117984622259,0.151655650096,
    0.249347531488,0.347175837817,0.422732144078,0.50169932839,
    0.577729841159,0.680645276368,0.749900313675,0.821144775058,
    0.882151787914,0.922083895754,0.952481868653,1.),.UNSPECIFIED.);
#479 = CARTESIAN_POINT('',(1.570796326795,12.1));
#480 = CARTESIAN_POINT('',(1.577562800026,12.1));
#481 = CARTESIAN_POINT('',(1.584315919631,12.16163415617));
#482 = CARTESIAN_POINT('',(1.591005622222,12.284463037255));
#483 = CARTESIAN_POINT('',(1.597582569773,12.466517098922));
#484 = CARTESIAN_POINT('',(1.603999389908,12.704329821483));
#485 = CARTESIAN_POINT('',(1.61021193549,12.992964107651));
#486 = CARTESIAN_POINT('',(1.619998767921,13.539099508347));
#487 = CARTESIAN_POINT('',(1.623722275389,13.770636609213));
#488 = CARTESIAN_POINT('',(1.627347342471,14.019456623547));
#489 = CARTESIAN_POINT('',(1.63087067758,14.284366521808));
#490 = CARTESIAN_POINT('',(1.634289443452,14.564166465958));
#491 = CARTESIAN_POINT('',(1.63760125958,14.857649411146));
#492 = CARTESIAN_POINT('',(1.64501173353,15.565511722777));
#493 = CARTESIAN_POINT('',(1.649032455996,15.989040864828));
#494 = CARTESIAN_POINT('',(1.652867085146,16.431955641696));
#495 = CARTESIAN_POINT('',(1.656516989604,16.892221828141));
#496 = CARTESIAN_POINT('',(1.659984063716,17.367986194998));
#497 = CARTESIAN_POINT('',(1.663270597727,17.857559238656));
#498 = CARTESIAN_POINT('',(1.668997269896,18.782062731317));
#499 = CARTESIAN_POINT('',(1.671489677546,19.21351528597));
#500 = CARTESIAN_POINT('',(1.673858305406,19.652920959306));
#501 = CARTESIAN_POINT('',(1.676105102384,20.099529894652));
#502 = CARTESIAN_POINT('',(1.67823199461,20.552669144984));
#503 = CARTESIAN_POINT('',(1.680240848241,21.011734824038));
#504 = CARTESIAN_POINT('',(1.687624505948,22.823720756132));
#505 = CARTESIAN_POINT('',(1.692138813984,24.21706137808));
#506 = CARTESIAN_POINT('',(1.695716495854,25.64258325285));
#507 = CARTESIAN_POINT('',(1.698390306424,27.090170294998));
#508 = CARTESIAN_POINT('',(1.700183548929,28.551921475578));
#509 = CARTESIAN_POINT('',(1.701108206532,30.021108324933));
#510 = CARTESIAN_POINT('',(1.701218415326,32.963708218553));
#511 = CARTESIAN_POINT('',(1.700401483538,34.435722114934));
#512 = CARTESIAN_POINT('',(1.698714380934,35.901013484824));
#513 = CARTESIAN_POINT('',(1.696146031963,37.352863269714));
#514 = CARTESIAN_POINT('',(1.692673996008,38.783446731182));
#515 = CARTESIAN_POINT('',(1.688266242086,40.182796409102));
#516 = CARTESIAN_POINT('',(1.678725478021,42.58382959996));
#517 = CARTESIAN_POINT('',(1.673983029662,43.604274956254));
#518 = CARTESIAN_POINT('',(1.668636015289,44.592593621286));
#519 = CARTESIAN_POINT('',(1.66266330353,45.540919220097));
#520 = CARTESIAN_POINT('',(1.656044210043,46.439510861892));
#521 = CARTESIAN_POINT('',(1.648761276216,47.27632495713));
#522 = CARTESIAN_POINT('',(1.632487922847,48.8307860634));
#523 = CARTESIAN_POINT('',(1.623335667516,49.550862584692));
#524 = CARTESIAN_POINT('',(1.613438230348,50.163091001407));
#525 = CARTESIAN_POINT('',(1.602924123647,50.640559405503));
#526 = CARTESIAN_POINT('',(1.591951324831,50.963142207007));
#527 = CARTESIAN_POINT('',(1.580697277038,51.117755867053));
#528 = CARTESIAN_POINT('',(1.558420990356,51.080529356147));
#529 = CARTESIAN_POINT('',(1.547625719209,50.901727037086));
#530 = CARTESIAN_POINT('',(1.537123788804,50.569014871314));
#531 = CARTESIAN_POINT('',(1.527067471651,50.095051278993));
#532 = CARTESIAN_POINT('',(1.517591614905,49.498184258524));
#533 = CARTESIAN_POINT('',(1.508805919143,48.802243021347));
#534 = CARTESIAN_POINT('',(1.489935945022,46.99974785135));
#535 = CARTESIAN_POINT('',(1.480342007864,45.820781779632));
#536 = CARTESIAN_POINT('',(1.471975943345,44.537425110968));
#537 = CARTESIAN_POINT('',(1.46478401848,43.177102574185));
#538 = CARTESIAN_POINT('',(1.458709158489,41.760147794201));
#539 = CARTESIAN_POINT('',(1.45369898889,40.301187415534));
#540 = CARTESIAN_POINT('',(1.447034450201,37.807761915237));
#541 = CARTESIAN_POINT('',(1.444818392496,36.79050383777));
#542 = CARTESIAN_POINT('',(1.443056496521,35.762553170661));
#543 = CARTESIAN_POINT('',(1.441740611782,34.72695199252));
#544 = CARTESIAN_POINT('',(1.440865164184,33.686363171768));
#545 = CARTESIAN_POINT('',(1.440427347092,32.643240869233));
#546 = CARTESIAN_POINT('',(1.440427347092,30.526790935176));
#547 = CARTESIAN_POINT('',(1.440890679269,29.453718584159));
#548 = CARTESIAN_POINT('',(1.441817121799,28.383404981487));
#549 = CARTESIAN_POINT('',(1.443209826219,27.318516972847));
#550 = CARTESIAN_POINT('',(1.445075047583,26.261962455983));
#551 = CARTESIAN_POINT('',(1.447421915706,25.217087927098));
#552 = CARTESIAN_POINT('',(1.45269443876,23.306558802987));
#553 = CARTESIAN_POINT('',(1.455488393044,22.436753913151));
#554 = CARTESIAN_POINT('',(1.458652079148,21.580749327407));
#555 = CARTESIAN_POINT('',(1.462195238302,20.741287389923));
#556 = CARTESIAN_POINT('',(1.466128810486,19.921708115433));
#557 = CARTESIAN_POINT('',(1.470464360764,19.126091179796));
#558 = CARTESIAN_POINT('',(1.478322055862,17.857559238663));
#559 = CARTESIAN_POINT('',(1.481608589874,17.367986194997));
#560 = CARTESIAN_POINT('',(1.485075663985,16.892221828135));
#561 = CARTESIAN_POINT('',(1.488725568444,16.431955641691));
#562 = CARTESIAN_POINT('',(1.492560197594,15.989040864829));
#563 = CARTESIAN_POINT('',(1.496580920059,15.565511722783));
#564 = CARTESIAN_POINT('',(1.503991394009,14.857649411155));
#565 = CARTESIAN_POINT('',(1.507303210138,14.564166465958));
#566 = CARTESIAN_POINT('',(1.51072197601,14.284366521801));
#567 = CARTESIAN_POINT('',(1.514245311119,14.019456623543));
#568 = CARTESIAN_POINT('',(1.517870378201,13.770636609215));
#569 = CARTESIAN_POINT('',(1.521593885668,13.539099508352));
#570 = CARTESIAN_POINT('',(1.531380709689,12.992964577004));
#571 = CARTESIAN_POINT('',(1.537593257343,12.704330010418));
#572 = CARTESIAN_POINT('',(1.544010087241,12.466516793377));
#573 = CARTESIAN_POINT('',(1.550587047424,12.284462461796));
#574 = CARTESIAN_POINT('',(1.55727675913,12.161633738798));
#575 = CARTESIAN_POINT('',(1.564029876528,12.1));
#576 = CARTESIAN_POINT('',(1.570796326795,12.1));
#577 = ( GEOMETRIC_REPRESENTATION_CONTEXT(2) 
PARAMETRIC_REPRESENTATION_CONTEXT() REPRESENTATION_CONTEXT('2D SPACE',''
  ) );
#578 = PCURVE('',#579,#584);
#579 = CYLINDRICAL_SURFACE('',#580,19.5);
#580 = AXIS2_PLACEMENT_3D('',#581,#582,#583);
#581 = CARTESIAN_POINT('',(8.988907505742E-15,146.8,31.6));
#582 = DIRECTION('',(1.110223024625E-16,1.,1.110223024625E-16));
#583 = DIRECTION('',(1.232595164408E-32,1.110223024625E-16,-1.));
#584 = DEFINITIONAL_REPRESENTATION('',(#585),#684);
#585 = B_SPLINE_CURVE_WITH_KNOTS('',7,(#586,#587,#588,#589,#590,#591,
    #592,#593,#594,#595,#596,#597,#598,#599,#600,#601,#602,#603,#604,
    #605,#606,#607,#608,#609,#610,#611,#612,#613,#614,#615,#616,#617,
    #618,#619,#620,#621,#622,#623,#624,#625,#626,#627,#628,#629,#630,
    #631,#632,#633,#634,#635,#636,#637,#638,#639,#640,#641,#642,#643,
    #644,#645,#646,#647,#648,#649,#650,#651,#652,#653,#654,#655,#656,
    #657,#658,#659,#660,#661,#662,#663,#664,#665,#666,#667,#668,#669,
    #670,#671,#672,#673,#674,#675,#676,#677,#678,#679,#680,#681,#682,
    #683),.UNSPECIFIED.,.F.,.F.,(8,6,6,6,6,6,6,6,6,6,6,6,6,6,6,6,8),(0.,
    4.757317394341E-02,7.800631542763E-02,0.117984622259,0.151655650096,
    0.249347531488,0.347175837817,0.422732144078,0.50169932839,
    0.577729841159,0.680645276368,0.749900313675,0.821144775058,
    0.882151787914,0.922083895754,0.952481868653,1.),.UNSPECIFIED.);
#586 = CARTESIAN_POINT('',(0.,3.2));
#587 = CARTESIAN_POINT('',(5.204979408173E-02,3.2));
#588 = CARTESIAN_POINT('',(0.103996862225,3.191987738811));
#589 = CARTESIAN_POINT('',(0.155682565357,3.176019379772));
#590 = CARTESIAN_POINT('',(0.206949678442,3.152509960221));
#591 = CARTESIAN_POINT('',(0.25763305825,3.12221533179));
#592 = CARTESIAN_POINT('',(0.307550357211,3.086165139962));
#593 = CARTESIAN_POINT('',(0.387801852277,3.019562821249));
#594 = CARTESIAN_POINT('',(0.418753978588,2.991674551829));
#595 = CARTESIAN_POINT('',(0.44935090671,2.962135858801));
#596 = CARTESIAN_POINT('',(0.479592610481,2.931203592307));
#597 = CARTESIAN_POINT('',(0.509477332128,2.899133254184));
#598 = CARTESIAN_POINT('',(0.539001621203,2.866174623697));
#599 = CARTESIAN_POINT('',(0.60646458696,2.788419441108));
#600 = CARTESIAN_POINT('',(0.644147758368,2.743140876838));
#601 = CARTESIAN_POINT('',(0.681245237044,2.69722030682));
#602 = CARTESIAN_POINT('',(0.717789274982,2.65110109236));
#603 = CARTESIAN_POINT('',(0.753809634342,2.605181790567));
#604 = CARTESIAN_POINT('',(0.789334194913,2.559816605219));
#605 = CARTESIAN_POINT('',(0.853914329398,2.477835846528));
#606 = CARTESIAN_POINT('',(0.883112336166,2.44096144652));
#607 = CARTESIAN_POINT('',(0.91200475661,2.404871818874));
#608 = CARTESIAN_POINT('',(0.940611925095,2.369725505386));
#609 = CARTESIAN_POINT('',(0.968953530641,2.33566237842));
#610 = CARTESIAN_POINT('',(0.997048811914,2.302805610947));
#611 = CARTESIAN_POINT('',(1.105771769006,2.179748951629));
#612 = CARTESIAN_POINT('',(1.184742404686,2.099268876593));
#613 = CARTESIAN_POINT('',(1.2622612547,2.032518856332));
#614 = CARTESIAN_POINT('',(1.338709299305,1.981178396152));
#615 = CARTESIAN_POINT('',(1.414444979651,1.946242862655));
#616 = CARTESIAN_POINT('',(1.489826324424,1.928212509849));
#617 = CARTESIAN_POINT('',(1.640731224138,1.926063471694));
#618 = CARTESIAN_POINT('',(1.716183551701,1.94199318003));
#619 = CARTESIAN_POINT('',(1.791955862537,1.974919038168));
#620 = CARTESIAN_POINT('',(1.868405673124,2.02437857008));
#621 = CARTESIAN_POINT('',(1.945890600887,2.089418039862));
#622 = CARTESIAN_POINT('',(2.024790372307,2.168410286231));
#623 = CARTESIAN_POINT('',(2.167897858615,2.328483611373));
#624 = CARTESIAN_POINT('',(2.231406301255,2.405045554782));
#625 = CARTESIAN_POINT('',(2.296261404379,2.487220818058));
#626 = CARTESIAN_POINT('',(2.362664341241,2.573429492111));
#627 = CARTESIAN_POINT('',(2.430830386219,2.661606989791));
#628 = CARTESIAN_POINT('',(2.50099323645,2.749076967448));
#629 = CARTESIAN_POINT('',(2.649141477512,2.919826850807));
#630 = CARTESIAN_POINT('',(2.72824380347,3.003784252304));
#631 = CARTESIAN_POINT('',(2.809942149301,3.079109060921));
#632 = CARTESIAN_POINT('',(2.893660251943,3.140195271787));
#633 = CARTESIAN_POINT('',(2.978948974774,3.182212028473));
#634 = CARTESIAN_POINT('',(3.06542639827,3.202308117103));
#635 = CARTESIAN_POINT('',(3.236792903886,3.197468965916));
#636 = CARTESIAN_POINT('',(3.319928768098,3.1742284438));
#637 = CARTESIAN_POINT('',(3.401848755536,3.131065318493));
#638 = CARTESIAN_POINT('',(3.482233183182,3.070759314985));
#639 = CARTESIAN_POINT('',(3.560701263289,2.997654870757));
#640 = CARTESIAN_POINT('',(3.636764130264,2.916691538459));
#641 = CARTESIAN_POINT('',(3.80855130968,2.718696336912));
#642 = CARTESIAN_POINT('',(3.903074144171,2.597469897084));
#643 = CARTESIAN_POINT('',(3.994060188971,2.477176161961));
#644 = CARTESIAN_POINT('',(4.082087214103,2.363981096596));
#645 = CARTESIAN_POINT('',(4.167682455425,2.261988150137));
#646 = CARTESIAN_POINT('',(4.251350917022,2.173972298027));
#647 = CARTESIAN_POINT('',(4.388973757938,2.053225403077));
#648 = CARTESIAN_POINT('',(4.443697682094,2.011826810937));
#649 = CARTESIAN_POINT('',(4.497924489365,1.978187935559));
#650 = CARTESIAN_POINT('',(4.551782426464,1.952707702902));
#651 = CARTESIAN_POINT('',(4.605395970235,1.935636523626));
#652 = CARTESIAN_POINT('',(4.658889448629,1.927099077471));
#653 = CARTESIAN_POINT('',(4.767425342683,1.927099077471));
#654 = CARTESIAN_POINT('',(4.822454727236,1.936134071401));
#655 = CARTESIAN_POINT('',(4.877614776553,1.954199638209));
#656 = CARTESIAN_POINT('',(4.933041109478,1.981156333843));
#657 = CARTESIAN_POINT('',(4.988869461067,2.016723960711));
#658 = CARTESIAN_POINT('',(5.04523987696,2.060454508643));
#659 = CARTESIAN_POINT('',(5.151166386935,2.155551655281));
#660 = CARTESIAN_POINT('',(5.200535975437,2.204916835228));
#661 = CARTESIAN_POINT('',(5.250519016353,2.259371780156));
#662 = CARTESIAN_POINT('',(5.301222630601,2.31839893207));
#663 = CARTESIAN_POINT('',(5.352757111325,2.38133395213));
#664 = CARTESIAN_POINT('',(5.405239263845,2.447328970738));
#665 = CARTESIAN_POINT('',(5.493851112266,2.559816605219));
#666 = CARTESIAN_POINT('',(5.529375672837,2.605181790567));
#667 = CARTESIAN_POINT('',(5.565396032198,2.65110109236));
#668 = CARTESIAN_POINT('',(5.601940070136,2.697220306821));
#669 = CARTESIAN_POINT('',(5.639037548811,2.743140876838));
#670 = CARTESIAN_POINT('',(5.676720720219,2.788419441107));
#671 = CARTESIAN_POINT('',(5.744183685976,2.866174623696));
#672 = CARTESIAN_POINT('',(5.773707975051,2.899133254184));
#673 = CARTESIAN_POINT('',(5.803592696699,2.931203592308));
#674 = CARTESIAN_POINT('',(5.83383440047,2.962135858802));
#675 = CARTESIAN_POINT('',(5.864431328591,2.991674551829));
#676 = CARTESIAN_POINT('',(5.895383454901,3.019562821249));
#677 = CARTESIAN_POINT('',(5.975634881,3.086165082724));
#678 = CARTESIAN_POINT('',(6.025552199853,3.122215306196));
#679 = CARTESIAN_POINT('',(6.076235658052,3.152509998145));
#680 = CARTESIAN_POINT('',(6.127502867633,3.176019454239));
#681 = CARTESIAN_POINT('',(6.179188638573,3.1919877932));
#682 = CARTESIAN_POINT('',(6.23113568974,3.2));
#683 = CARTESIAN_POINT('',(6.28318530718,3.2));
#684 = ( GEOMETRIC_REPRESENTATION_CONTEXT(2) 
PARAMETRIC_REPRESENTATION_CONTEXT() REPRESENTATION_CONTEXT('2D SPACE',''
  ) );
#685 = FACE_BOUND('',#686,.T.);
#686 = EDGE_LOOP('',(#687,#715,#744,#770));
#687 = ORIENTED_EDGE('',*,*,#688,.T.);
#688 = EDGE_CURVE('',#689,#691,#693,.T.);
#689 = VERTEX_POINT('',#690);
#690 = CARTESIAN_POINT('',(-111.,-100.8910303248,83.7));
#691 = VERTEX_POINT('',#692);
#692 = CARTESIAN_POINT('',(-111.,-100.8910303248,216.3));
#693 = SURFACE_CURVE('',#694,(#698,#704),.PCURVE_S1.);
#694 = LINE('',#695,#696);
#695 = CARTESIAN_POINT('',(-111.,-100.8910303248,0.));
#696 = VECTOR('',#697,1.);
#697 = DIRECTION('',(0.,0.,1.));
#698 = PCURVE('',#266,#699);
#699 = DEFINITIONAL_REPRESENTATION('',(#700),#703);
#700 = B_SPLINE_CURVE_WITH_KNOTS('',1,(#701,#702),.UNSPECIFIED.,.F.,.F.,
  (2,2),(70.44,229.56),.PIECEWISE_BEZIER_KNOTS.);
#701 = CARTESIAN_POINT('',(3.879318622043,70.44));
#702 = CARTESIAN_POINT('',(3.879318622043,229.56));
#703 = ( GEOMETRIC_REPRESENTATION_CONTEXT(2) 
PARAMETRIC_REPRESENTATION_CONTEXT() REPRESENTATION_CONTEXT('2D SPACE',''
  ) );
#704 = PCURVE('',#705,#710);
#705 = PLANE('',#706);
#706 = AXIS2_PLACEMENT_3D('',#707,#708,#709);
#707 = CARTESIAN_POINT('',(-111.,-157.5,83.7));
#708 = DIRECTION('',(1.,0.,-0.));
#709 = DIRECTION('',(0.,0.,1.));
#710 = DEFINITIONAL_REPRESENTATION('',(#711),#714);
#711 = B_SPLINE_CURVE_WITH_KNOTS('',1,(#712,#713),.UNSPECIFIED.,.F.,.F.,
  (2,2),(70.44,229.56),.PIECEWISE_BEZIER_KNOTS.);
#712 = CARTESIAN_POINT('',(-13.26,-56.60896967519));
#713 = CARTESIAN_POINT('',(145.86,-56.60896967519));
#714 = ( GEOMETRIC_REPRESENTATION_CONTEXT(2) 
PARAMETRIC_REPRESENTATION_CONTEXT() REPRESENTATION_CONTEXT('2D SPACE',''
  ) );
#715 = ORIENTED_EDGE('',*,*,#716,.T.);
#716 = EDGE_CURVE('',#691,#717,#719,.T.);
#717 = VERTEX_POINT('',#718);
#718 = CARTESIAN_POINT('',(-99.,-112.6898398259,216.3));
#719 = SURFACE_CURVE('',#720,(#725,#732),.PCURVE_S1.);
#720 = CIRCLE('',#721,150.);
#721 = AXIS2_PLACEMENT_3D('',#722,#723,#724);
#722 = CARTESIAN_POINT('',(0.,0.,216.3));
#723 = DIRECTION('',(0.,0.,1.));
#724 = DIRECTION('',(1.,0.,-0.));
#725 = PCURVE('',#266,#726);
#726 = DEFINITIONAL_REPRESENTATION('',(#727),#731);
#727 = LINE('',#728,#729);
#728 = CARTESIAN_POINT('',(0.,216.3));
#729 = VECTOR('',#730,1.);
#730 = DIRECTION('',(1.,0.));
#731 = ( GEOMETRIC_REPRESENTATION_CONTEXT(2) 
PARAMETRIC_REPRESENTATION_CONTEXT() REPRESENTATION_CONTEXT('2D SPACE',''
  ) );
#732 = PCURVE('',#733,#738);
#733 = PLANE('',#734);
#734 = AXIS2_PLACEMENT_3D('',#735,#736,#737);
#735 = CARTESIAN_POINT('',(-111.,-157.5,216.3));
#736 = DIRECTION('',(0.,0.,1.));
#737 = DIRECTION('',(1.,0.,-0.));
#738 = DEFINITIONAL_REPRESENTATION('',(#739),#743);
#739 = CIRCLE('',#740,150.);
#740 = AXIS2_PLACEMENT_2D('',#741,#742);
#741 = CARTESIAN_POINT('',(111.,157.5));
#742 = DIRECTION('',(1.,0.));
#743 = ( GEOMETRIC_REPRESENTATION_CONTEXT(2) 
PARAMETRIC_REPRESENTATION_CONTEXT() REPRESENTATION_CONTEXT('2D SPACE',''
  ) );
#744 = ORIENTED_EDGE('',*,*,#745,.F.);
#745 = EDGE_CURVE('',#746,#717,#748,.T.);
#746 = VERTEX_POINT('',#747);
#747 = CARTESIAN_POINT('',(-99.,-112.6898398259,83.7));
#748 = SURFACE_CURVE('',#749,(#753,#759),.PCURVE_S1.);
#749 = LINE('',#750,#751);
#750 = CARTESIAN_POINT('',(-99.,-112.6898398259,0.));
#751 = VECTOR('',#752,1.);
#752 = DIRECTION('',(0.,0.,1.));
#753 = PCURVE('',#266,#754);
#754 = DEFINITIONAL_REPRESENTATION('',(#755),#758);
#755 = B_SPLINE_CURVE_WITH_KNOTS('',1,(#756,#757),.UNSPECIFIED.,.F.,.F.,
  (2,2),(70.44,229.56),.PIECEWISE_BEZIER_KNOTS.);
#756 = CARTESIAN_POINT('',(3.991570219515,70.44));
#757 = CARTESIAN_POINT('',(3.991570219515,229.56));
#758 = ( GEOMETRIC_REPRESENTATION_CONTEXT(2) 
PARAMETRIC_REPRESENTATION_CONTEXT() REPRESENTATION_CONTEXT('2D SPACE',''
  ) );
#759 = PCURVE('',#760,#765);
#760 = PLANE('',#761);
#761 = AXIS2_PLACEMENT_3D('',#762,#763,#764);
#762 = CARTESIAN_POINT('',(-99.,-157.5,83.7));
#763 = DIRECTION('',(1.,0.,-0.));
#764 = DIRECTION('',(0.,0.,1.));
#765 = DEFINITIONAL_REPRESENTATION('',(#766),#769);
#766 = B_SPLINE_CURVE_WITH_KNOTS('',1,(#767,#768),.UNSPECIFIED.,.F.,.F.,
  (2,2),(70.44,229.56),.PIECEWISE_BEZIER_KNOTS.);
#767 = CARTESIAN_POINT('',(-13.26,-44.81016017404));
#768 = CARTESIAN_POINT('',(145.86,-44.81016017404));
#769 = ( GEOMETRIC_REPRESENTATION_CONTEXT(2) 
PARAMETRIC_REPRESENTATION_CONTEXT() REPRESENTATION_CONTEXT('2D SPACE',''
  ) );
#770 = ORIENTED_EDGE('',*,*,#771,.F.);
#771 = EDGE_CURVE('',#689,#746,#772,.T.);
#772 = SURFACE_CURVE('',#773,(#778,#785),.PCURVE_S1.);
#773 = CIRCLE('',#774,150.);
#774 = AXIS2_PLACEMENT_3D('',#775,#776,#777);
#775 = CARTESIAN_POINT('',(0.,0.,83.7));
#776 = DIRECTION('',(0.,0.,1.));
#777 = DIRECTION('',(1.,0.,-0.));
#778 = PCURVE('',#266,#779);
#779 = DEFINITIONAL_REPRESENTATION('',(#780),#784);
#780 = LINE('',#781,#782);
#781 = CARTESIAN_POINT('',(0.,83.7));
#782 = VECTOR('',#783,1.);
#783 = DIRECTION('',(1.,0.));
#784 = ( GEOMETRIC_REPRESENTATION_CONTEXT(2) 
PARAMETRIC_REPRESENTATION_CONTEXT() REPRESENTATION_CONTEXT('2D SPACE',''
  ) );
#785 = PCURVE('',#786,#791);
#786 = PLANE('',#787);
#787 = AXIS2_PLACEMENT_3D('',#788,#789,#790);
#788 = CARTESIAN_POINT('',(-111.,-157.5,83.7));
#789 = DIRECTION('',(0.,0.,1.));
#790 = DIRECTION('',(1.,0.,-0.));
#791 = DEFINITIONAL_REPRESENTATION('',(#792),#796);
#792 = CIRCLE('',#793,150.);
#793 = AXIS2_PLACEMENT_2D('',#794,#795);
#794 = CARTESIAN_POINT('',(111.,157.5));
#795 = DIRECTION('',(1.,0.));
#796 = ( GEOMETRIC_REPRESENTATION_CONTEXT(2) 
PARAMETRIC_REPRESENTATION_CONTEXT() REPRESENTATION_CONTEXT('2D SPACE',''
  ) );
#797 = FACE_BOUND('',#798,.T.);
#798 = EDGE_LOOP('',(#799,#827,#856,#882));
#799 = ORIENTED_EDGE('',*,*,#800,.T.);
#800 = EDGE_CURVE('',#801,#803,#805,.T.);
#801 = VERTEX_POINT('',#802);
#802 = CARTESIAN_POINT('',(99.,-112.6898398259,83.7));
#803 = VERTEX_POINT('',#804);
#804 = CARTESIAN_POINT('',(99.,-112.6898398259,216.3));
#805 = SURFACE_CURVE('',#806,(#810,#816),.PCURVE_S1.);
#806 = LINE('',#807,#808);
#807 = CARTESIAN_POINT('',(99.,-112.6898398259,0.));
#808 = VECTOR('',#809,1.);
#809 = DIRECTION('',(0.,0.,1.));
#810 = PCURVE('',#266,#811);
#811 = DEFINITIONAL_REPRESENTATION('',(#812),#815);
#812 = B_SPLINE_CURVE_WITH_KNOTS('',1,(#813,#814),.UNSPECIFIED.,.F.,.F.,
  (2,2),(70.44,229.56),.PIECEWISE_BEZIER_KNOTS.);
#813 = CARTESIAN_POINT('',(5.433207741255,70.44));
#814 = CARTESIAN_POINT('',(5.433207741255,229.56));
#815 = ( GEOMETRIC_REPRESENTATION_CONTEXT(2) 
PARAMETRIC_REPRESENTATION_CONTEXT() REPRESENTATION_CONTEXT('2D SPACE',''
  ) );
#816 = PCURVE('',#817,#822);
#817 = PLANE('',#818);
#818 = AXIS2_PLACEMENT_3D('',#819,#820,#821);
#819 = CARTESIAN_POINT('',(99.,-157.5,83.7));
#820 = DIRECTION('',(1.,0.,-0.));
#821 = DIRECTION('',(0.,0.,1.));
#822 = DEFINITIONAL_REPRESENTATION('',(#823),#826);
#823 = B_SPLINE_CURVE_WITH_KNOTS('',1,(#824,#825),.UNSPECIFIED.,.F.,.F.,
  (2,2),(70.44,229.56),.PIECEWISE_BEZIER_KNOTS.);
#824 = CARTESIAN_POINT('',(-13.26,-44.81016017404));
#825 = CARTESIAN_POINT('',(145.86,-44.81016017404));
#826 = ( GEOMETRIC_REPRESENTATION_CONTEXT(2) 
PARAMETRIC_REPRESENTATION_CONTEXT() REPRESENTATION_CONTEXT('2D SPACE',''
  ) );
#827 = ORIENTED_EDGE('',*,*,#828,.T.);
#828 = EDGE_CURVE('',#803,#829,#831,.T.);
#829 = VERTEX_POINT('',#830);
#830 = CARTESIAN_POINT('',(111.,-100.8910303248,216.3));
#831 = SURFACE_CURVE('',#832,(#837,#844),.PCURVE_S1.);
#832 = CIRCLE('',#833,150.);
#833 = AXIS2_PLACEMENT_3D('',#834,#835,#836);
#834 = CARTESIAN_POINT('',(0.,0.,216.3));
#835 = DIRECTION('',(0.,0.,1.));
#836 = DIRECTION('',(1.,0.,-0.));
#837 = PCURVE('',#266,#838);
#838 = DEFINITIONAL_REPRESENTATION('',(#839),#843);
#839 = LINE('',#840,#841);
#840 = CARTESIAN_POINT('',(0.,216.3));
#841 = VECTOR('',#842,1.);
#842 = DIRECTION('',(1.,0.));
#843 = ( GEOMETRIC_REPRESENTATION_CONTEXT(2) 
PARAMETRIC_REPRESENTATION_CONTEXT() REPRESENTATION_CONTEXT('2D SPACE',''
  ) );
#844 = PCURVE('',#845,#850);
#845 = PLANE('',#846);
#846 = AXIS2_PLACEMENT_3D('',#847,#848,#849);
#847 = CARTESIAN_POINT('',(99.,-157.5,216.3));
#848 = DIRECTION('',(0.,0.,1.));
#849 = DIRECTION('',(1.,0.,-0.));
#850 = DEFINITIONAL_REPRESENTATION('',(#851),#855);
#851 = CIRCLE('',#852,150.);
#852 = AXIS2_PLACEMENT_2D('',#853,#854);
#853 = CARTESIAN_POINT('',(-99.,157.5));
#854 = DIRECTION('',(1.,0.));
#855 = ( GEOMETRIC_REPRESENTATION_CONTEXT(2) 
PARAMETRIC_REPRESENTATION_CONTEXT() REPRESENTATION_CONTEXT('2D SPACE',''
  ) );
#856 = ORIENTED_EDGE('',*,*,#857,.F.);
#857 = EDGE_CURVE('',#858,#829,#860,.T.);
#858 = VERTEX_POINT('',#859);
#859 = CARTESIAN_POINT('',(111.,-100.8910303248,83.7));
#860 = SURFACE_CURVE('',#861,(#865,#871),.PCURVE_S1.);
#861 = LINE('',#862,#863);
#862 = CARTESIAN_POINT('',(111.,-100.8910303248,0.));
#863 = VECTOR('',#864,1.);
#864 = DIRECTION('',(0.,0.,1.));
#865 = PCURVE('',#266,#866);
#866 = DEFINITIONAL_REPRESENTATION('',(#867),#870);
#867 = B_SPLINE_CURVE_WITH_KNOTS('',1,(#868,#869),.UNSPECIFIED.,.F.,.F.,
  (2,2),(70.44,229.56),.PIECEWISE_BEZIER_KNOTS.);
#868 = CARTESIAN_POINT('',(5.545459338726,70.44));
#869 = CARTESIAN_POINT('',(5.545459338726,229.56));
#870 = ( GEOMETRIC_REPRESENTATION_CONTEXT(2) 
PARAMETRIC_REPRESENTATION_CONTEXT() REPRESENTATION_CONTEXT('2D SPACE',''
  ) );
#871 = PCURVE('',#872,#877);
#872 = PLANE('',#873);
#873 = AXIS2_PLACEMENT_3D('',#874,#875,#876);
#874 = CARTESIAN_POINT('',(111.,-157.5,83.7));
#875 = DIRECTION('',(1.,0.,-0.));
#876 = DIRECTION('',(0.,0.,1.));
#877 = DEFINITIONAL_REPRESENTATION('',(#878),#881);
#878 = B_SPLINE_CURVE_WITH_KNOTS('',1,(#879,#880),.UNSPECIFIED.,.F.,.F.,
  (2,2),(70.44,229.56),.PIECEWISE_BEZIER_KNOTS.);
#879 = CARTESIAN_POINT('',(-13.26,-56.60896967519));
#880 = CARTESIAN_POINT('',(145.86,-56.60896967519));
#881 = ( GEOMETRIC_REPRESENTATION_CONTEXT(2) 
PARAMETRIC_REPRESENTATION_CONTEXT() REPRESENTATION_CONTEXT('2D SPACE',''
  ) );
#882 = ORIENTED_EDGE('',*,*,#883,.F.);
#883 = EDGE_CURVE('',#801,#858,#884,.T.);
#884 = SURFACE_CURVE('',#885,(#890,#897),.PCURVE_S1.);
#885 = CIRCLE('',#886,150.);
#886 = AXIS2_PLACEMENT_3D('',#887,#888,#889);
#887 = CARTESIAN_POINT('',(0.,0.,83.7));
#888 = DIRECTION('',(0.,0.,1.));
#889 = DIRECTION('',(1.,0.,-0.));
#890 = PCURVE('',#266,#891);
#891 = DEFINITIONAL_REPRESENTATION('',(#892),#896);
#892 = LINE('',#893,#894);
#893 = CARTESIAN_POINT('',(0.,83.7));
#894 = VECTOR('',#895,1.);
#895 = DIRECTION('',(1.,0.));
#896 = ( GEOMETRIC_REPRESENTATION_CONTEXT(2) 
PARAMETRIC_REPRESENTATION_CONTEXT() REPRESENTATION_CONTEXT('2D SPACE',''
  ) );
#897 = PCURVE('',#898,#903);
#898 = PLANE('',#899);
#899 = AXIS2_PLACEMENT_3D('',#900,#901,#902);
#900 = CARTESIAN_POINT('',(99.,-157.5,83.7));
#901 = DIRECTION('',(0.,0.,1.));
#902 = DIRECTION('',(1.,0.,-0.));
#903 = DEFINITIONAL_REPRESENTATION('',(#904),#908);
#904 = CIRCLE('',#905,150.);
#905 = AXIS2_PLACEMENT_2D('',#906,#907);
#906 = CARTESIAN_POINT('',(-99.,157.5));
#907 = DIRECTION('',(1.,0.));
#908 = ( GEOMETRIC_REPRESENTATION_CONTEXT(2) 
PARAMETRIC_REPRESENTATION_CONTEXT() REPRESENTATION_CONTEXT('2D SPACE',''
  ) );
#909 = FACE_BOUND('',#910,.T.);
#910 = EDGE_LOOP('',(#911));
#911 = ORIENTED_EDGE('',*,*,#912,.F.);
#912 = EDGE_CURVE('',#913,#913,#915,.T.);
#913 = VERTEX_POINT('',#914);
#914 = CARTESIAN_POINT('',(1.41203013903E-14,150.,248.9));
#915 = SURFACE_CURVE('',#916,(#1015,#1117),.PCURVE_S1.);
#916 = B_SPLINE_CURVE_WITH_KNOTS('',7,(#917,#918,#919,#920,#921,#922,
    #923,#924,#925,#926,#927,#928,#929,#930,#931,#932,#933,#934,#935,
    #936,#937,#938,#939,#940,#941,#942,#943,#944,#945,#946,#947,#948,
    #949,#950,#951,#952,#953,#954,#955,#956,#957,#958,#959,#960,#961,
    #962,#963,#964,#965,#966,#967,#968,#969,#970,#971,#972,#973,#974,
    #975,#976,#977,#978,#979,#980,#981,#982,#983,#984,#985,#986,#987,
    #988,#989,#990,#991,#992,#993,#994,#995,#996,#997,#998,#999,#1000,
    #1001,#1002,#1003,#1004,#1005,#1006,#1007,#1008,#1009,#1010,#1011,
    #1012,#1013,#1014),.UNSPECIFIED.,.T.,.F.,(8,6,6,6,6,6,6,6,6,6,6,6,6,
    6,6,6,8),(0.,4.757317423328E-02,7.80063158887E-02,0.117984622217,
    0.151655650238,0.249347532166,0.347175839031,0.422732145722,
    0.501699330496,0.577729843674,0.680645279566,0.74990031721,
    0.82114477894,0.882151787207,0.922083895285,0.952481868367,1.),
  .UNSPECIFIED.);
#917 = CARTESIAN_POINT('',(1.06581410364E-14,150.,248.9));
#918 = CARTESIAN_POINT('',(-1.014970984214,150.,248.9));
#919 = CARTESIAN_POINT('',(-2.027938877629,149.99198773881,
    248.96163415612));
#920 = CARTESIAN_POINT('',(-3.031318539406,149.97601937977,
    249.08446303726));
#921 = CARTESIAN_POINT('',(-4.017634037928,149.9525099602,
    249.26651709902));
#922 = CARTESIAN_POINT('',(-4.979721346627,149.92221533178,
    249.50432982153));
#923 = CARTESIAN_POINT('',(-5.91092643722,149.88616513998,
    249.79296410748));
#924 = CARTESIAN_POINT('',(-7.377439695268,149.81956282124,
    250.33909950835));
#925 = CARTESIAN_POINT('',(-7.935274971925,149.79167455182,
    250.57063660921));
#926 = CARTESIAN_POINT('',(-8.478240323748,149.7621358588,
    250.81945662354));
#927 = CARTESIAN_POINT('',(-9.005842634527,149.7312035923,251.0843665218
    ));
#928 = CARTESIAN_POINT('',(-9.517659868548,149.69913325418,
    251.36416646595));
#929 = CARTESIAN_POINT('',(-10.01334099071,149.66617462369,
    251.65764941115));
#930 = CARTESIAN_POINT('',(-11.12218922186,149.58841944191,
    252.36551171544));
#931 = CARTESIAN_POINT('',(-11.72360352212,149.54314087602,
    252.78904087321));
#932 = CARTESIAN_POINT('',(-12.29697199452,149.49722030617,
    253.23195564766));
#933 = CARTESIAN_POINT('',(-12.84252047654,149.451101093,253.69222182091
    ));
#934 = CARTESIAN_POINT('',(-13.36055639027,149.40518179138,
    254.16798618687));
#935 = CARTESIAN_POINT('',(-13.85144769658,149.35981660441,
    254.65755924772));
#936 = CARTESIAN_POINT('',(-14.70652755179,149.27783584652,
    255.58206273131));
#937 = CARTESIAN_POINT('',(-15.07856769504,149.24096144652,
    256.01351528597));
#938 = CARTESIAN_POINT('',(-15.43202658098,149.20487181887,
    256.4529209593));
#939 = CARTESIAN_POINT('',(-15.76721053346,149.16972550538,
    256.89952989465));
#940 = CARTESIAN_POINT('',(-16.08442207018,149.13566237842,
    257.35266914498));
#941 = CARTESIAN_POINT('',(-16.38395407452,149.10280561094,
    257.81173482403));
#942 = CARTESIAN_POINT('',(-17.48464525911,148.97974895162,
    259.62372075613));
#943 = CARTESIAN_POINT('',(-18.15701235618,148.89926887659,
    261.01706137807));
#944 = CARTESIAN_POINT('',(-18.68950538023,148.83251885633,
    262.44258325284));
#945 = CARTESIAN_POINT('',(-19.08727755557,148.78117839615,
    263.89017029499));
#946 = CARTESIAN_POINT('',(-19.35398614675,148.74624286265,
    265.35192147557));
#947 = CARTESIAN_POINT('',(-19.49150768542,148.72821250984,
    266.82110832493));
#948 = CARTESIAN_POINT('',(-19.5078987241,148.72606347169,
    269.76370821855));
#949 = CARTESIAN_POINT('',(-19.38639892851,148.74199318003,
    271.23572211493));
#950 = CARTESIAN_POINT('',(-19.13548411175,148.77491903816,
    272.70101348482));
#951 = CARTESIAN_POINT('',(-18.75341992088,148.82437857008,
    274.15286326971));
#952 = CARTESIAN_POINT('',(-18.2366842357,148.88941803986,
    275.58344673117));
#953 = CARTESIAN_POINT('',(-17.58023750136,148.96841028623,
    276.9827964091));
#954 = CARTESIAN_POINT('',(-16.15810334554,149.12848361138,
    279.38382960018));
#955 = CARTESIAN_POINT('',(-15.45086168136,149.20504555478,
    280.40427495624));
#956 = CARTESIAN_POINT('',(-14.65301192794,149.28722081804,
    281.3925936211));
#957 = CARTESIAN_POINT('',(-13.76122699982,149.37342949209,
    282.34091921998));
#958 = CARTESIAN_POINT('',(-12.77223196603,149.46160698979,
    283.23951086194));
#959 = CARTESIAN_POINT('',(-11.68324293176,149.54907696746,
    284.07632495726));
#960 = CARTESIAN_POINT('',(-9.248219287412,149.7198268508,
    285.63078606337));
#961 = CARTESIAN_POINT('',(-7.877897030285,149.8037842523,
    286.35086258472));
#962 = CARTESIAN_POINT('',(-6.395059986833,149.87910906092,
    286.9630910014));
#963 = CARTESIAN_POINT('',(-4.818903870034,149.94019527178,
    287.44055940549));
#964 = CARTESIAN_POINT('',(-3.173278701118,149.98221202847,
    287.76314220701));
#965 = CARTESIAN_POINT('',(-1.485140827159,150.0023081171,
    287.91775586705));
#966 = CARTESIAN_POINT('',(1.85629867025,149.99746896591,287.88052935615
    ));
#967 = CARTESIAN_POINT('',(3.475557264986,149.97422844382,
    287.70172703724));
#968 = CARTESIAN_POINT('',(5.050466958315,149.93106531848,
    287.36901487123));
#969 = CARTESIAN_POINT('',(6.557902681573,149.87075931494,
    286.89505127868));
#970 = CARTESIAN_POINT('',(7.977518026224,149.79765487075,
    286.29818425843));
#971 = CARTESIAN_POINT('',(9.292931233526,149.7166915385,285.60224302176
    ));
#972 = CARTESIAN_POINT('',(12.116493911358,149.5186963367,
    283.79974784947));
#973 = CARTESIAN_POINT('',(13.550617645941,149.39746989784,
    282.6207817878));
#974 = CARTESIAN_POINT('',(14.799859112892,149.27717616067,
    281.33742509514));
#975 = CARTESIAN_POINT('',(15.872746991111,149.16398109778,
    279.97710259091));
#976 = CARTESIAN_POINT('',(16.778271378047,149.06198814954,
    278.56014778445));
#977 = CARTESIAN_POINT('',(17.524630050936,148.97397229815,
    277.10118741816));
#978 = CARTESIAN_POINT('',(18.51699182872,148.85322540307,
    274.60776191523));
#979 = CARTESIAN_POINT('',(18.846814878944,148.81182681093,
    273.59050383777));
#980 = CARTESIAN_POINT('',(19.108950706288,148.77818793555,
    272.56255317066));
#981 = CARTESIAN_POINT('',(19.304681923953,148.7527077029,
    271.52695199252));
#982 = CARTESIAN_POINT('',(19.434884745916,148.73563652362,
    270.48636317176));
#983 = CARTESIAN_POINT('',(19.5,148.72709907747,269.44324086923));
#984 = CARTESIAN_POINT('',(19.5,148.72709907747,267.32679093517));
#985 = CARTESIAN_POINT('',(19.431089964444,148.7361340714,
    266.25371858415));
#986 = CARTESIAN_POINT('',(19.293302803699,148.7541996382,
    265.18340498148));
#987 = CARTESIAN_POINT('',(19.086143606199,148.78115633384,
    264.11851697284));
#988 = CARTESIAN_POINT('',(18.80862920579,148.81672396071,
    263.06196245598));
#989 = CARTESIAN_POINT('',(18.45932289885,148.86045450864,
    262.01708792709));
#990 = CARTESIAN_POINT('',(17.67418264221,148.95555165176,
    260.10655887356));
#991 = CARTESIAN_POINT('',(17.258005392894,149.00491683998,
    259.23675384673));
#992 = CARTESIAN_POINT('',(16.78658392692,149.05937178308,
    258.38074927088));
#993 = CARTESIAN_POINT('',(16.258390767181,149.11839892767,
    257.54128744044));
#994 = CARTESIAN_POINT('',(15.671709029438,149.18133394767,
    256.72170818315));
#995 = CARTESIAN_POINT('',(15.024721855992,149.24732897625,
    255.92609111755));
#996 = CARTESIAN_POINT('',(13.851447688205,149.35981660521,
    254.65755923866));
#997 = CARTESIAN_POINT('',(13.360556400502,149.40518179056,
    254.16798619499));
#998 = CARTESIAN_POINT('',(12.842520483395,149.45110109236,
    253.69222182813));
#999 = CARTESIAN_POINT('',(12.296971985405,149.49722030682,
    253.23195564169));
#1000 = CARTESIAN_POINT('',(11.72360351236,149.54314087683,
    252.78904086482));
#1001 = CARTESIAN_POINT('',(11.122189233353,149.5884194411,
    252.36551172278));
#1002 = CARTESIAN_POINT('',(10.013340990703,149.66617462369,
    251.65764941114));
#1003 = CARTESIAN_POINT('',(9.517659868545,149.69913325418,
    251.36416646595));
#1004 = CARTESIAN_POINT('',(9.005842634538,149.7312035923,251.0843665218
    ));
#1005 = CARTESIAN_POINT('',(8.478240323761,149.7621358588,
    250.81945662354));
#1006 = CARTESIAN_POINT('',(7.935274971925,149.79167455182,
    250.57063660921));
#1007 = CARTESIAN_POINT('',(7.377439695252,149.81956282124,
    250.33909950834));
#1008 = CARTESIAN_POINT('',(5.910927697997,149.88616508272,249.792964577
    ));
#1009 = CARTESIAN_POINT('',(4.979722297273,149.92221530619,
    249.50433001041));
#1010 = CARTESIAN_POINT('',(4.017633524782,149.95250999814,
    249.26651679337));
#1011 = CARTESIAN_POINT('',(3.031316131541,149.97601945423,
    249.08446246179));
#1012 = CARTESIAN_POINT('',(2.027935102106,149.9919877932,
    248.96163373879));
#1013 = CARTESIAN_POINT('',(1.014967540079,150.,248.9));
#1014 = CARTESIAN_POINT('',(1.06581410364E-14,150.,248.9));
#1015 = PCURVE('',#266,#1016);
#1016 = DEFINITIONAL_REPRESENTATION('',(#1017),#1116);
#1017 = B_SPLINE_CURVE_WITH_KNOTS('',7,(#1018,#1019,#1020,#1021,#1022,
    #1023,#1024,#1025,#1026,#1027,#1028,#1029,#1030,#1031,#1032,#1033,
    #1034,#1035,#1036,#1037,#1038,#1039,#1040,#1041,#1042,#1043,#1044,
    #1045,#1046,#1047,#1048,#1049,#1050,#1051,#1052,#1053,#1054,#1055,
    #1056,#1057,#1058,#1059,#1060,#1061,#1062,#1063,#1064,#1065,#1066,
    #1067,#1068,#1069,#1070,#1071,#1072,#1073,#1074,#1075,#1076,#1077,
    #1078,#1079,#1080,#1081,#1082,#1083,#1084,#1085,#1086,#1087,#1088,
    #1089,#1090,#1091,#1092,#1093,#1094,#1095,#1096,#1097,#1098,#1099,
    #1100,#1101,#1102,#1103,#1104,#1105,#1106,#1107,#1108,#1109,#1110,
    #1111,#1112,#1113,#1114,#1115),.UNSPECIFIED.,.T.,.F.,(8,6,6,6,6,6,6,
    6,6,6,6,6,6,6,6,6,8),(0.,4.757317423328E-02,7.80063158887E-02,
    0.117984622217,0.151655650238,0.249347532166,0.347175839031,
    0.422732145722,0.501699330496,0.577729843674,0.680645279566,
    0.74990031721,0.82114477894,0.882151787207,0.922083895285,
    0.952481868367,1.),.UNSPECIFIED.);
#1018 = CARTESIAN_POINT('',(1.570796326795,248.9));
#1019 = CARTESIAN_POINT('',(1.577562800023,248.9));
#1020 = CARTESIAN_POINT('',(1.58431591963,248.96163415612));
#1021 = CARTESIAN_POINT('',(1.591005622224,249.08446303726));
#1022 = CARTESIAN_POINT('',(1.597582569776,249.26651709902));
#1023 = CARTESIAN_POINT('',(1.603999389908,249.50432982153));
#1024 = CARTESIAN_POINT('',(1.610211935487,249.79296410748));
#1025 = CARTESIAN_POINT('',(1.619998767921,250.33909950835));
#1026 = CARTESIAN_POINT('',(1.623722275389,250.57063660921));
#1027 = CARTESIAN_POINT('',(1.627347342471,250.81945662354));
#1028 = CARTESIAN_POINT('',(1.63087067758,251.0843665218));
#1029 = CARTESIAN_POINT('',(1.634289443452,251.36416646595));
#1030 = CARTESIAN_POINT('',(1.637601259581,251.65764941115));
#1031 = CARTESIAN_POINT('',(1.645011733454,252.36551171544));
#1032 = CARTESIAN_POINT('',(1.649032456061,252.78904087321));
#1033 = CARTESIAN_POINT('',(1.652867085207,253.23195564766));
#1034 = CARTESIAN_POINT('',(1.656516989558,253.69222182091));
#1035 = CARTESIAN_POINT('',(1.659984063648,254.16798618687));
#1036 = CARTESIAN_POINT('',(1.663270597784,254.65755924772));
#1037 = CARTESIAN_POINT('',(1.668997269896,255.58206273131));
#1038 = CARTESIAN_POINT('',(1.671489677546,256.01351528597));
#1039 = CARTESIAN_POINT('',(1.673858305406,256.4529209593));
#1040 = CARTESIAN_POINT('',(1.676105102384,256.89952989465));
#1041 = CARTESIAN_POINT('',(1.67823199461,257.35266914498));
#1042 = CARTESIAN_POINT('',(1.680240848241,257.81173482403));
#1043 = CARTESIAN_POINT('',(1.687624505948,259.62372075613));
#1044 = CARTESIAN_POINT('',(1.692138813984,261.01706137807));
#1045 = CARTESIAN_POINT('',(1.695716495854,262.44258325284));
#1046 = CARTESIAN_POINT('',(1.698390306424,263.89017029499));
#1047 = CARTESIAN_POINT('',(1.700183548929,265.35192147557));
#1048 = CARTESIAN_POINT('',(1.701108206532,266.82110832493));
#1049 = CARTESIAN_POINT('',(1.701218415326,269.76370821855));
#1050 = CARTESIAN_POINT('',(1.700401483538,271.23572211493));
#1051 = CARTESIAN_POINT('',(1.698714380934,272.70101348482));
#1052 = CARTESIAN_POINT('',(1.696146031963,274.15286326971));
#1053 = CARTESIAN_POINT('',(1.692673996008,275.58344673118));
#1054 = CARTESIAN_POINT('',(1.688266242086,276.9827964091));
#1055 = CARTESIAN_POINT('',(1.67872547802,279.38382960018));
#1056 = CARTESIAN_POINT('',(1.673983029662,280.40427495624));
#1057 = CARTESIAN_POINT('',(1.66863601529,281.3925936211));
#1058 = CARTESIAN_POINT('',(1.662663303531,282.34091921998));
#1059 = CARTESIAN_POINT('',(1.656044210043,283.23951086194));
#1060 = CARTESIAN_POINT('',(1.648761276215,284.07632495726));
#1061 = CARTESIAN_POINT('',(1.632487922847,285.63078606337));
#1062 = CARTESIAN_POINT('',(1.623335667516,286.35086258472));
#1063 = CARTESIAN_POINT('',(1.613438230348,286.9630910014));
#1064 = CARTESIAN_POINT('',(1.602924123647,287.44055940548));
#1065 = CARTESIAN_POINT('',(1.591951324831,287.76314220701));
#1066 = CARTESIAN_POINT('',(1.580697277038,287.91775586705));
#1067 = CARTESIAN_POINT('',(1.558420990361,287.88052935615));
#1068 = CARTESIAN_POINT('',(1.54762571921,287.70172703724));
#1069 = CARTESIAN_POINT('',(1.5371237888,287.36901487123));
#1070 = CARTESIAN_POINT('',(1.527067471647,286.89505127868));
#1071 = CARTESIAN_POINT('',(1.517591614906,286.29818425844));
#1072 = CARTESIAN_POINT('',(1.508805919148,285.60224302176));
#1073 = CARTESIAN_POINT('',(1.489935945002,283.79974784947));
#1074 = CARTESIAN_POINT('',(1.48034200793,282.6207817878));
#1075 = CARTESIAN_POINT('',(1.471975943242,281.33742509514));
#1076 = CARTESIAN_POINT('',(1.464784018567,279.97710259091));
#1077 = CARTESIAN_POINT('',(1.45870915845,278.56014778445));
#1078 = CARTESIAN_POINT('',(1.453698988897,277.10118741816));
#1079 = CARTESIAN_POINT('',(1.447034450201,274.60776191523));
#1080 = CARTESIAN_POINT('',(1.444818392496,273.59050383777));
#1081 = CARTESIAN_POINT('',(1.443056496521,272.56255317066));
#1082 = CARTESIAN_POINT('',(1.441740611782,271.52695199252));
#1083 = CARTESIAN_POINT('',(1.440865164184,270.48636317176));
#1084 = CARTESIAN_POINT('',(1.440427347092,269.44324086923));
#1085 = CARTESIAN_POINT('',(1.440427347092,267.32679093517));
#1086 = CARTESIAN_POINT('',(1.440890679269,266.25371858415));
#1087 = CARTESIAN_POINT('',(1.441817121799,265.18340498148));
#1088 = CARTESIAN_POINT('',(1.443209826219,264.11851697284));
#1089 = CARTESIAN_POINT('',(1.445075047583,263.06196245598));
#1090 = CARTESIAN_POINT('',(1.447421915706,262.01708792709));
#1091 = CARTESIAN_POINT('',(1.452694438565,260.10655887356));
#1092 = CARTESIAN_POINT('',(1.45548839335,259.23675384673));
#1093 = CARTESIAN_POINT('',(1.458652079312,258.38074927088));
#1094 = CARTESIAN_POINT('',(1.462195237999,257.54128744044));
#1095 = CARTESIAN_POINT('',(1.466128810208,256.72170818315));
#1096 = CARTESIAN_POINT('',(1.47046436115,255.92609111755));
#1097 = CARTESIAN_POINT('',(1.478322055862,254.65755923866));
#1098 = CARTESIAN_POINT('',(1.481608589874,254.16798619499));
#1099 = CARTESIAN_POINT('',(1.485075663985,253.69222182813));
#1100 = CARTESIAN_POINT('',(1.488725568444,253.23195564169));
#1101 = CARTESIAN_POINT('',(1.492560197594,252.78904086482));
#1102 = CARTESIAN_POINT('',(1.496580920059,252.36551172278));
#1103 = CARTESIAN_POINT('',(1.503991394009,251.65764941114));
#1104 = CARTESIAN_POINT('',(1.507303210138,251.36416646595));
#1105 = CARTESIAN_POINT('',(1.51072197601,251.0843665218));
#1106 = CARTESIAN_POINT('',(1.514245311119,250.81945662354));
#1107 = CARTESIAN_POINT('',(1.517870378201,250.57063660921));
#1108 = CARTESIAN_POINT('',(1.521593885668,250.33909950834));
#1109 = CARTESIAN_POINT('',(1.531380709689,249.792964577));
#1110 = CARTESIAN_POINT('',(1.537593257343,249.50433001041));
#1111 = CARTESIAN_POINT('',(1.544010087241,249.26651679337));
#1112 = CARTESIAN_POINT('',(1.550587047424,249.08446246179));
#1113 = CARTESIAN_POINT('',(1.55727675913,248.96163373879));
#1114 = CARTESIAN_POINT('',(1.564029876528,248.9));
#1115 = CARTESIAN_POINT('',(1.570796326795,248.9));
#1116 = ( GEOMETRIC_REPRESENTATION_CONTEXT(2) 
PARAMETRIC_REPRESENTATION_CONTEXT() REPRESENTATION_CONTEXT('2D SPACE',''
  ) );
#1117 = PCURVE('',#1118,#1123);
#1118 = CYLINDRICAL_SURFACE('',#1119,19.5);
#1119 = AXIS2_PLACEMENT_3D('',#1120,#1121,#1122);
#1120 = CARTESIAN_POINT('',(8.988907505742E-15,146.8,268.4));
#1121 = DIRECTION('',(1.110223024625E-16,1.,1.110223024625E-16));
#1122 = DIRECTION('',(1.232595164408E-32,1.110223024625E-16,-1.));
#1123 = DEFINITIONAL_REPRESENTATION('',(#1124),#1223);
#1124 = B_SPLINE_CURVE_WITH_KNOTS('',7,(#1125,#1126,#1127,#1128,#1129,
    #1130,#1131,#1132,#1133,#1134,#1135,#1136,#1137,#1138,#1139,#1140,
    #1141,#1142,#1143,#1144,#1145,#1146,#1147,#1148,#1149,#1150,#1151,
    #1152,#1153,#1154,#1155,#1156,#1157,#1158,#1159,#1160,#1161,#1162,
    #1163,#1164,#1165,#1166,#1167,#1168,#1169,#1170,#1171,#1172,#1173,
    #1174,#1175,#1176,#1177,#1178,#1179,#1180,#1181,#1182,#1183,#1184,
    #1185,#1186,#1187,#1188,#1189,#1190,#1191,#1192,#1193,#1194,#1195,
    #1196,#1197,#1198,#1199,#1200,#1201,#1202,#1203,#1204,#1205,#1206,
    #1207,#1208,#1209,#1210,#1211,#1212,#1213,#1214,#1215,#1216,#1217,
    #1218,#1219,#1220,#1221,#1222),.UNSPECIFIED.,.F.,.F.,(8,6,6,6,6,6,6,
    6,6,6,6,6,6,6,6,6,8),(0.,4.757317423328E-02,7.80063158887E-02,
    0.117984622217,0.151655650238,0.249347532166,0.347175839031,
    0.422732145722,0.501699330496,0.577729843674,0.680645279566,
    0.74990031721,0.82114477894,0.882151787207,0.922083895285,
    0.952481868367,1.),.UNSPECIFIED.);
#1125 = CARTESIAN_POINT('',(0.,3.2));
#1126 = CARTESIAN_POINT('',(5.204979406227E-02,3.2));
#1127 = CARTESIAN_POINT('',(0.10399686222,3.191987738818));
#1128 = CARTESIAN_POINT('',(0.155682565372,3.17601937977));
#1129 = CARTESIAN_POINT('',(0.206949678462,3.152509960208));
#1130 = CARTESIAN_POINT('',(0.257633058251,3.122215331784));
#1131 = CARTESIAN_POINT('',(0.307550357187,3.086165139982));
#1132 = CARTESIAN_POINT('',(0.387801852278,3.019562821248));
#1133 = CARTESIAN_POINT('',(0.418753978589,2.991674551829));
#1134 = CARTESIAN_POINT('',(0.449350906709,2.962135858802));
#1135 = CARTESIAN_POINT('',(0.479592610481,2.931203592308));
#1136 = CARTESIAN_POINT('',(0.509477332128,2.899133254184));
#1137 = CARTESIAN_POINT('',(0.539001621204,2.866174623696));
#1138 = CARTESIAN_POINT('',(0.606464586261,2.788419441913));
#1139 = CARTESIAN_POINT('',(0.644147759032,2.743140876024));
#1140 = CARTESIAN_POINT('',(0.681245237603,2.69722030617));
#1141 = CARTESIAN_POINT('',(0.717789274472,2.651101093008));
#1142 = CARTESIAN_POINT('',(0.753809633668,2.605181791381));
#1143 = CARTESIAN_POINT('',(0.789334195546,2.559816604416));
#1144 = CARTESIAN_POINT('',(0.853914329398,2.477835846528));
#1145 = CARTESIAN_POINT('',(0.883112336166,2.44096144652));
#1146 = CARTESIAN_POINT('',(0.912004756609,2.404871818874));
#1147 = CARTESIAN_POINT('',(0.940611925095,2.369725505386));
#1148 = CARTESIAN_POINT('',(0.968953530641,2.33566237842));
#1149 = CARTESIAN_POINT('',(0.997048811914,2.302805610947));
#1150 = CARTESIAN_POINT('',(1.105771769007,2.179748951629));
#1151 = CARTESIAN_POINT('',(1.184742404686,2.099268876593));
#1152 = CARTESIAN_POINT('',(1.2622612547,2.032518856332));
#1153 = CARTESIAN_POINT('',(1.338709299305,1.981178396152));
#1154 = CARTESIAN_POINT('',(1.414444979651,1.946242862655));
#1155 = CARTESIAN_POINT('',(1.489826324424,1.928212509849));
#1156 = CARTESIAN_POINT('',(1.640731224138,1.926063471694));
#1157 = CARTESIAN_POINT('',(1.716183551701,1.94199318003));
#1158 = CARTESIAN_POINT('',(1.791955862537,1.974919038168));
#1159 = CARTESIAN_POINT('',(1.868405673124,2.02437857008));
#1160 = CARTESIAN_POINT('',(1.945890600886,2.089418039861));
#1161 = CARTESIAN_POINT('',(2.024790372307,2.168410286232));
#1162 = CARTESIAN_POINT('',(2.167897858629,2.328483611388));
#1163 = CARTESIAN_POINT('',(2.231406301255,2.405045554785));
#1164 = CARTESIAN_POINT('',(2.296261404368,2.487220818043));
#1165 = CARTESIAN_POINT('',(2.362664341232,2.573429492098));
#1166 = CARTESIAN_POINT('',(2.430830386221,2.661606989795));
#1167 = CARTESIAN_POINT('',(2.500993236463,2.749076967463));
#1168 = CARTESIAN_POINT('',(2.64914147751,2.919826850805));
#1169 = CARTESIAN_POINT('',(2.728243803472,3.003784252307));
#1170 = CARTESIAN_POINT('',(2.809942149302,3.079109060921));
#1171 = CARTESIAN_POINT('',(2.893660251942,3.140195271785));
#1172 = CARTESIAN_POINT('',(2.978948974772,3.182212028474));
#1173 = CARTESIAN_POINT('',(3.065426398272,3.202308117103));
#1174 = CARTESIAN_POINT('',(3.236792903844,3.197468965917));
#1175 = CARTESIAN_POINT('',(3.319928768094,3.174228443821));
#1176 = CARTESIAN_POINT('',(3.401848755567,3.131065318483));
#1177 = CARTESIAN_POINT('',(3.482233183215,3.070759314945));
#1178 = CARTESIAN_POINT('',(3.560701263286,2.997654870753));
#1179 = CARTESIAN_POINT('',(3.636764130225,2.916691538505));
#1180 = CARTESIAN_POINT('',(3.808551309859,2.718696336705));
#1181 = CARTESIAN_POINT('',(3.903074143497,2.597469897846));
#1182 = CARTESIAN_POINT('',(3.994060190145,2.477176160671));
#1183 = CARTESIAN_POINT('',(4.082087212972,2.363981097788));
#1184 = CARTESIAN_POINT('',(4.167682456026,2.261988149545));
#1185 = CARTESIAN_POINT('',(4.251350916877,2.173972298154));
#1186 = CARTESIAN_POINT('',(4.388973757938,2.053225403077));
#1187 = CARTESIAN_POINT('',(4.443697682094,2.011826810937));
#1188 = CARTESIAN_POINT('',(4.497924489365,1.978187935559));
#1189 = CARTESIAN_POINT('',(4.551782426464,1.952707702902));
#1190 = CARTESIAN_POINT('',(4.605395970235,1.935636523626));
#1191 = CARTESIAN_POINT('',(4.658889448629,1.927099077471));
#1192 = CARTESIAN_POINT('',(4.767425342683,1.927099077471));
#1193 = CARTESIAN_POINT('',(4.822454727236,1.936134071401));
#1194 = CARTESIAN_POINT('',(4.877614776553,1.954199638209));
#1195 = CARTESIAN_POINT('',(4.933041109478,1.981156333843));
#1196 = CARTESIAN_POINT('',(4.988869461067,2.016723960711));
#1197 = CARTESIAN_POINT('',(5.04523987696,2.060454508643));
#1198 = CARTESIAN_POINT('',(5.151166383021,2.155551651768));
#1199 = CARTESIAN_POINT('',(5.200535979624,2.20491683998));
#1200 = CARTESIAN_POINT('',(5.250519019512,2.259371783086));
#1201 = CARTESIAN_POINT('',(5.301222627122,2.31839892767));
#1202 = CARTESIAN_POINT('',(5.352757107202,2.381333947676));
#1203 = CARTESIAN_POINT('',(5.405239268193,2.447328976257));
#1204 = CARTESIAN_POINT('',(5.493851112266,2.559816605219));
#1205 = CARTESIAN_POINT('',(5.529375672837,2.605181790567));
#1206 = CARTESIAN_POINT('',(5.565396032198,2.65110109236));
#1207 = CARTESIAN_POINT('',(5.601940070136,2.697220306821));
#1208 = CARTESIAN_POINT('',(5.639037548811,2.743140876838));
#1209 = CARTESIAN_POINT('',(5.676720720219,2.788419441107));
#1210 = CARTESIAN_POINT('',(5.744183685977,2.866174623697));
#1211 = CARTESIAN_POINT('',(5.773707975051,2.899133254184));
#1212 = CARTESIAN_POINT('',(5.803592696698,2.931203592307));
#1213 = CARTESIAN_POINT('',(5.83383440047,2.962135858801));
#1214 = CARTESIAN_POINT('',(5.864431328591,2.991674551829));
#1215 = CARTESIAN_POINT('',(5.895383454902,3.019562821249));
#1216 = CARTESIAN_POINT('',(5.975634881,3.086165082724));
#1217 = CARTESIAN_POINT('',(6.025552199853,3.122215306196));
#1218 = CARTESIAN_POINT('',(6.076235658052,3.152509998145));
#1219 = CARTESIAN_POINT('',(6.127502867633,3.176019454239));
#1220 = CARTESIAN_POINT('',(6.179188638573,3.1919877932));
#1221 = CARTESIAN_POINT('',(6.23113568974,3.2));
#1222 = CARTESIAN_POINT('',(6.28318530718,3.2));
#1223 = ( GEOMETRIC_REPRESENTATION_CONTEXT(2) 
PARAMETRIC_REPRESENTATION_CONTEXT() REPRESENTATION_CONTEXT('2D SPACE',''
  ) );
#1224 = ADVANCED_FACE('',(#1225,#1256),#301,.F.);
#1225 = FACE_BOUND('',#1226,.F.);
#1226 = EDGE_LOOP('',(#1227));
#1227 = ORIENTED_EDGE('',*,*,#1228,.T.);
#1228 = EDGE_CURVE('',#1229,#1229,#1231,.T.);
#1229 = VERTEX_POINT('',#1230);
#1230 = CARTESIAN_POINT('',(123.,-3.012631125902E-14,0.));
#1231 = SURFACE_CURVE('',#1232,(#1237,#1244),.PCURVE_S1.);
#1232 = CIRCLE('',#1233,123.);
#1233 = AXIS2_PLACEMENT_3D('',#1234,#1235,#1236);
#1234 = CARTESIAN_POINT('',(0.,0.,0.));
#1235 = DIRECTION('',(0.,0.,1.));
#1236 = DIRECTION('',(1.,0.,-0.));
#1237 = PCURVE('',#301,#1238);
#1238 = DEFINITIONAL_REPRESENTATION('',(#1239),#1243);
#1239 = CIRCLE('',#1240,123.);
#1240 = AXIS2_PLACEMENT_2D('',#1241,#1242);
#1241 = CARTESIAN_POINT('',(0.,0.));
#1242 = DIRECTION('',(1.,0.));
#1243 = ( GEOMETRIC_REPRESENTATION_CONTEXT(2) 
PARAMETRIC_REPRESENTATION_CONTEXT() REPRESENTATION_CONTEXT('2D SPACE',''
  ) );
#1244 = PCURVE('',#1245,#1250);
#1245 = PLANE('',#1246);
#1246 = AXIS2_PLACEMENT_3D('',#1247,#1248,#1249);
#1247 = CARTESIAN_POINT('',(0.,0.,0.));
#1248 = DIRECTION('',(0.,0.,1.));
#1249 = DIRECTION('',(1.,0.,-0.));
#1250 = DEFINITIONAL_REPRESENTATION('',(#1251),#1255);
#1251 = CIRCLE('',#1252,123.);
#1252 = AXIS2_PLACEMENT_2D('',#1253,#1254);
#1253 = CARTESIAN_POINT('',(0.,0.));
#1254 = DIRECTION('',(1.,0.));
#1255 = ( GEOMETRIC_REPRESENTATION_CONTEXT(2) 
PARAMETRIC_REPRESENTATION_CONTEXT() REPRESENTATION_CONTEXT('2D SPACE',''
  ) );
#1256 = FACE_BOUND('',#1257,.F.);
#1257 = EDGE_LOOP('',(#1258));
#1258 = ORIENTED_EDGE('',*,*,#284,.F.);
#1259 = ADVANCED_FACE('',(#1260,#1263),#358,.F.);
#1260 = FACE_BOUND('',#1261,.F.);
#1261 = EDGE_LOOP('',(#1262));
#1262 = ORIENTED_EDGE('',*,*,#343,.T.);
#1263 = FACE_BOUND('',#1264,.F.);
#1264 = EDGE_LOOP('',(#1265));
#1265 = ORIENTED_EDGE('',*,*,#1266,.F.);
#1266 = EDGE_CURVE('',#1267,#1267,#1269,.T.);
#1267 = VERTEX_POINT('',#1268);
#1268 = CARTESIAN_POINT('',(142.8,-3.497591258365E-14,0.));
#1269 = SURFACE_CURVE('',#1270,(#1275,#1282),.PCURVE_S1.);
#1270 = CIRCLE('',#1271,142.8);
#1271 = AXIS2_PLACEMENT_3D('',#1272,#1273,#1274);
#1272 = CARTESIAN_POINT('',(0.,0.,0.));
#1273 = DIRECTION('',(0.,0.,1.));
#1274 = DIRECTION('',(1.,0.,-0.));
#1275 = PCURVE('',#358,#1276);
#1276 = DEFINITIONAL_REPRESENTATION('',(#1277),#1281);
#1277 = CIRCLE('',#1278,142.8);
#1278 = AXIS2_PLACEMENT_2D('',#1279,#1280);
#1279 = CARTESIAN_POINT('',(0.,0.));
#1280 = DIRECTION('',(1.,0.));
#1281 = ( GEOMETRIC_REPRESENTATION_CONTEXT(2) 
PARAMETRIC_REPRESENTATION_CONTEXT() REPRESENTATION_CONTEXT('2D SPACE',''
  ) );
#1282 = PCURVE('',#1283,#1288);
#1283 = PLANE('',#1284);
#1284 = AXIS2_PLACEMENT_3D('',#1285,#1286,#1287);
#1285 = CARTESIAN_POINT('',(0.,0.,0.));
#1286 = DIRECTION('',(0.,0.,1.));
#1287 = DIRECTION('',(1.,0.,-0.));
#1288 = DEFINITIONAL_REPRESENTATION('',(#1289),#1293);
#1289 = CIRCLE('',#1290,142.8);
#1290 = AXIS2_PLACEMENT_2D('',#1291,#1292);
#1291 = CARTESIAN_POINT('',(0.,0.));
#1292 = DIRECTION('',(1.,0.));
#1293 = ( GEOMETRIC_REPRESENTATION_CONTEXT(2) 
PARAMETRIC_REPRESENTATION_CONTEXT() REPRESENTATION_CONTEXT('2D SPACE',''
  ) );
#1294 = ADVANCED_FACE('',(#1295),#579,.T.);
#1295 = FACE_BOUND('',#1296,.T.);
#1296 = EDGE_LOOP('',(#1297,#1320,#1347,#1348));
#1297 = ORIENTED_EDGE('',*,*,#1298,.T.);
#1298 = EDGE_CURVE('',#374,#1299,#1301,.T.);
#1299 = VERTEX_POINT('',#1300);
#1300 = CARTESIAN_POINT('',(1.58966582297E-14,166.,12.1));
#1301 = SEAM_CURVE('',#1302,(#1306,#1313),.PCURVE_S1.);
#1302 = LINE('',#1303,#1304);
#1303 = CARTESIAN_POINT('',(1.376503002242E-14,146.8,12.1));
#1304 = VECTOR('',#1305,1.);
#1305 = DIRECTION('',(1.110223024625E-16,1.,1.110223024625E-16));
#1306 = PCURVE('',#579,#1307);
#1307 = DEFINITIONAL_REPRESENTATION('',(#1308),#1312);
#1308 = LINE('',#1309,#1310);
#1309 = CARTESIAN_POINT('',(6.28318530718,-0.));
#1310 = VECTOR('',#1311,1.);
#1311 = DIRECTION('',(0.,1.));
#1312 = ( GEOMETRIC_REPRESENTATION_CONTEXT(2) 
PARAMETRIC_REPRESENTATION_CONTEXT() REPRESENTATION_CONTEXT('2D SPACE',''
  ) );
#1313 = PCURVE('',#579,#1314);
#1314 = DEFINITIONAL_REPRESENTATION('',(#1315),#1319);
#1315 = LINE('',#1316,#1317);
#1316 = CARTESIAN_POINT('',(0.,-0.));
#1317 = VECTOR('',#1318,1.);
#1318 = DIRECTION('',(0.,1.));
#1319 = ( GEOMETRIC_REPRESENTATION_CONTEXT(2) 
PARAMETRIC_REPRESENTATION_CONTEXT() REPRESENTATION_CONTEXT('2D SPACE',''
  ) );
#1320 = ORIENTED_EDGE('',*,*,#1321,.F.);
#1321 = EDGE_CURVE('',#1299,#1299,#1322,.T.);
#1322 = SURFACE_CURVE('',#1323,(#1328,#1335),.PCURVE_S1.);
#1323 = CIRCLE('',#1324,19.5);
#1324 = AXIS2_PLACEMENT_3D('',#1325,#1326,#1327);
#1325 = CARTESIAN_POINT('',(1.112053571302E-14,166.,31.6));
#1326 = DIRECTION('',(1.110223024625E-16,1.,1.110223024625E-16));
#1327 = DIRECTION('',(1.232595164408E-32,1.110223024625E-16,-1.));
#1328 = PCURVE('',#579,#1329);
#1329 = DEFINITIONAL_REPRESENTATION('',(#1330),#1334);
#1330 = LINE('',#1331,#1332);
#1331 = CARTESIAN_POINT('',(0.,19.2));
#1332 = VECTOR('',#1333,1.);
#1333 = DIRECTION('',(1.,0.));
#1334 = ( GEOMETRIC_REPRESENTATION_CONTEXT(2) 
PARAMETRIC_REPRESENTATION_CONTEXT() REPRESENTATION_CONTEXT('2D SPACE',''
  ) );
#1335 = PCURVE('',#1336,#1341);
#1336 = PLANE('',#1337);
#1337 = AXIS2_PLACEMENT_3D('',#1338,#1339,#1340);
#1338 = CARTESIAN_POINT('',(1.112053571302E-14,166.,31.6));
#1339 = DIRECTION('',(1.110223024625E-16,1.,1.110223024625E-16));
#1340 = DIRECTION('',(1.232595164408E-32,1.110223024625E-16,-1.));
#1341 = DEFINITIONAL_REPRESENTATION('',(#1342),#1346);
#1342 = CIRCLE('',#1343,19.5);
#1343 = AXIS2_PLACEMENT_2D('',#1344,#1345);
#1344 = CARTESIAN_POINT('',(0.,0.));
#1345 = DIRECTION('',(1.,0.));
#1346 = ( GEOMETRIC_REPRESENTATION_CONTEXT(2) 
PARAMETRIC_REPRESENTATION_CONTEXT() REPRESENTATION_CONTEXT('2D SPACE',''
  ) );
#1347 = ORIENTED_EDGE('',*,*,#1298,.F.);
#1348 = ORIENTED_EDGE('',*,*,#373,.T.);
#1349 = ADVANCED_FACE('',(#1350),#705,.F.);
#1350 = FACE_BOUND('',#1351,.F.);
#1351 = EDGE_LOOP('',(#1352,#1375,#1403,#1424));
#1352 = ORIENTED_EDGE('',*,*,#1353,.F.);
#1353 = EDGE_CURVE('',#1354,#691,#1356,.T.);
#1354 = VERTEX_POINT('',#1355);
#1355 = CARTESIAN_POINT('',(-111.,-157.5,216.3));
#1356 = SURFACE_CURVE('',#1357,(#1361,#1368),.PCURVE_S1.);
#1357 = LINE('',#1358,#1359);
#1358 = CARTESIAN_POINT('',(-111.,-157.5,216.3));
#1359 = VECTOR('',#1360,1.);
#1360 = DIRECTION('',(-0.,1.,0.));
#1361 = PCURVE('',#705,#1362);
#1362 = DEFINITIONAL_REPRESENTATION('',(#1363),#1367);
#1363 = LINE('',#1364,#1365);
#1364 = CARTESIAN_POINT('',(132.6,0.));
#1365 = VECTOR('',#1366,1.);
#1366 = DIRECTION('',(0.,-1.));
#1367 = ( GEOMETRIC_REPRESENTATION_CONTEXT(2) 
PARAMETRIC_REPRESENTATION_CONTEXT() REPRESENTATION_CONTEXT('2D SPACE',''
  ) );
#1368 = PCURVE('',#733,#1369);
#1369 = DEFINITIONAL_REPRESENTATION('',(#1370),#1374);
#1370 = LINE('',#1371,#1372);
#1371 = CARTESIAN_POINT('',(0.,0.));
#1372 = VECTOR('',#1373,1.);
#1373 = DIRECTION('',(0.,1.));
#1374 = ( GEOMETRIC_REPRESENTATION_CONTEXT(2) 
PARAMETRIC_REPRESENTATION_CONTEXT() REPRESENTATION_CONTEXT('2D SPACE',''
  ) );
#1375 = ORIENTED_EDGE('',*,*,#1376,.F.);
#1376 = EDGE_CURVE('',#1377,#1354,#1379,.T.);
#1377 = VERTEX_POINT('',#1378);
#1378 = CARTESIAN_POINT('',(-111.,-157.5,83.7));
#1379 = SURFACE_CURVE('',#1380,(#1384,#1391),.PCURVE_S1.);
#1380 = LINE('',#1381,#1382);
#1381 = CARTESIAN_POINT('',(-111.,-157.5,83.7));
#1382 = VECTOR('',#1383,1.);
#1383 = DIRECTION('',(0.,0.,1.));
#1384 = PCURVE('',#705,#1385);
#1385 = DEFINITIONAL_REPRESENTATION('',(#1386),#1390);
#1386 = LINE('',#1387,#1388);
#1387 = CARTESIAN_POINT('',(0.,0.));
#1388 = VECTOR('',#1389,1.);
#1389 = DIRECTION('',(1.,0.));
#1390 = ( GEOMETRIC_REPRESENTATION_CONTEXT(2) 
PARAMETRIC_REPRESENTATION_CONTEXT() REPRESENTATION_CONTEXT('2D SPACE',''
  ) );
#1391 = PCURVE('',#1392,#1397);
#1392 = PLANE('',#1393);
#1393 = AXIS2_PLACEMENT_3D('',#1394,#1395,#1396);
#1394 = CARTESIAN_POINT('',(-141.,-157.5,48.));
#1395 = DIRECTION('',(-0.,1.,0.));
#1396 = DIRECTION('',(0.,0.,1.));
#1397 = DEFINITIONAL_REPRESENTATION('',(#1398),#1402);
#1398 = LINE('',#1399,#1400);
#1399 = CARTESIAN_POINT('',(35.7,30.));
#1400 = VECTOR('',#1401,1.);
#1401 = DIRECTION('',(1.,0.));
#1402 = ( GEOMETRIC_REPRESENTATION_CONTEXT(2) 
PARAMETRIC_REPRESENTATION_CONTEXT() REPRESENTATION_CONTEXT('2D SPACE',''
  ) );
#1403 = ORIENTED_EDGE('',*,*,#1404,.T.);
#1404 = EDGE_CURVE('',#1377,#689,#1405,.T.);
#1405 = SURFACE_CURVE('',#1406,(#1410,#1417),.PCURVE_S1.);
#1406 = LINE('',#1407,#1408);
#1407 = CARTESIAN_POINT('',(-111.,-157.5,83.7));
#1408 = VECTOR('',#1409,1.);
#1409 = DIRECTION('',(-0.,1.,0.));
#1410 = PCURVE('',#705,#1411);
#1411 = DEFINITIONAL_REPRESENTATION('',(#1412),#1416);
#1412 = LINE('',#1413,#1414);
#1413 = CARTESIAN_POINT('',(0.,0.));
#1414 = VECTOR('',#1415,1.);
#1415 = DIRECTION('',(0.,-1.));
#1416 = ( GEOMETRIC_REPRESENTATION_CONTEXT(2) 
PARAMETRIC_REPRESENTATION_CONTEXT() REPRESENTATION_CONTEXT('2D SPACE',''
  ) );
#1417 = PCURVE('',#786,#1418);
#1418 = DEFINITIONAL_REPRESENTATION('',(#1419),#1423);
#1419 = LINE('',#1420,#1421);
#1420 = CARTESIAN_POINT('',(0.,0.));
#1421 = VECTOR('',#1422,1.);
#1422 = DIRECTION('',(0.,1.));
#1423 = ( GEOMETRIC_REPRESENTATION_CONTEXT(2) 
PARAMETRIC_REPRESENTATION_CONTEXT() REPRESENTATION_CONTEXT('2D SPACE',''
  ) );
#1424 = ORIENTED_EDGE('',*,*,#688,.T.);
#1425 = ADVANCED_FACE('',(#1426),#786,.F.);
#1426 = FACE_BOUND('',#1427,.F.);
#1427 = EDGE_LOOP('',(#1428,#1429,#1452,#1473));
#1428 = ORIENTED_EDGE('',*,*,#1404,.F.);
#1429 = ORIENTED_EDGE('',*,*,#1430,.T.);
#1430 = EDGE_CURVE('',#1377,#1431,#1433,.T.);
#1431 = VERTEX_POINT('',#1432);
#1432 = CARTESIAN_POINT('',(-99.,-157.5,83.7));
#1433 = SURFACE_CURVE('',#1434,(#1438,#1445),.PCURVE_S1.);
#1434 = LINE('',#1435,#1436);
#1435 = CARTESIAN_POINT('',(-111.,-157.5,83.7));
#1436 = VECTOR('',#1437,1.);
#1437 = DIRECTION('',(1.,0.,-0.));
#1438 = PCURVE('',#786,#1439);
#1439 = DEFINITIONAL_REPRESENTATION('',(#1440),#1444);
#1440 = LINE('',#1441,#1442);
#1441 = CARTESIAN_POINT('',(0.,0.));
#1442 = VECTOR('',#1443,1.);
#1443 = DIRECTION('',(1.,0.));
#1444 = ( GEOMETRIC_REPRESENTATION_CONTEXT(2) 
PARAMETRIC_REPRESENTATION_CONTEXT() REPRESENTATION_CONTEXT('2D SPACE',''
  ) );
#1445 = PCURVE('',#1392,#1446);
#1446 = DEFINITIONAL_REPRESENTATION('',(#1447),#1451);
#1447 = LINE('',#1448,#1449);
#1448 = CARTESIAN_POINT('',(35.7,30.));
#1449 = VECTOR('',#1450,1.);
#1450 = DIRECTION('',(0.,1.));
#1451 = ( GEOMETRIC_REPRESENTATION_CONTEXT(2) 
PARAMETRIC_REPRESENTATION_CONTEXT() REPRESENTATION_CONTEXT('2D SPACE',''
  ) );
#1452 = ORIENTED_EDGE('',*,*,#1453,.T.);
#1453 = EDGE_CURVE('',#1431,#746,#1454,.T.);
#1454 = SURFACE_CURVE('',#1455,(#1459,#1466),.PCURVE_S1.);
#1455 = LINE('',#1456,#1457);
#1456 = CARTESIAN_POINT('',(-99.,-157.5,83.7));
#1457 = VECTOR('',#1458,1.);
#1458 = DIRECTION('',(-0.,1.,0.));
#1459 = PCURVE('',#786,#1460);
#1460 = DEFINITIONAL_REPRESENTATION('',(#1461),#1465);
#1461 = LINE('',#1462,#1463);
#1462 = CARTESIAN_POINT('',(12.,0.));
#1463 = VECTOR('',#1464,1.);
#1464 = DIRECTION('',(0.,1.));
#1465 = ( GEOMETRIC_REPRESENTATION_CONTEXT(2) 
PARAMETRIC_REPRESENTATION_CONTEXT() REPRESENTATION_CONTEXT('2D SPACE',''
  ) );
#1466 = PCURVE('',#760,#1467);
#1467 = DEFINITIONAL_REPRESENTATION('',(#1468),#1472);
#1468 = LINE('',#1469,#1470);
#1469 = CARTESIAN_POINT('',(0.,0.));
#1470 = VECTOR('',#1471,1.);
#1471 = DIRECTION('',(0.,-1.));
#1472 = ( GEOMETRIC_REPRESENTATION_CONTEXT(2) 
PARAMETRIC_REPRESENTATION_CONTEXT() REPRESENTATION_CONTEXT('2D SPACE',''
  ) );
#1473 = ORIENTED_EDGE('',*,*,#771,.F.);
#1474 = ADVANCED_FACE('',(#1475),#733,.T.);
#1475 = FACE_BOUND('',#1476,.T.);
#1476 = EDGE_LOOP('',(#1477,#1478,#1501,#1522));
#1477 = ORIENTED_EDGE('',*,*,#1353,.F.);
#1478 = ORIENTED_EDGE('',*,*,#1479,.T.);
#1479 = EDGE_CURVE('',#1354,#1480,#1482,.T.);
#1480 = VERTEX_POINT('',#1481);
#1481 = CARTESIAN_POINT('',(-99.,-157.5,216.3));
#1482 = SURFACE_CURVE('',#1483,(#1487,#1494),.PCURVE_S1.);
#1483 = LINE('',#1484,#1485);
#1484 = CARTESIAN_POINT('',(-111.,-157.5,216.3));
#1485 = VECTOR('',#1486,1.);
#1486 = DIRECTION('',(1.,0.,-0.));
#1487 = PCURVE('',#733,#1488);
#1488 = DEFINITIONAL_REPRESENTATION('',(#1489),#1493);
#1489 = LINE('',#1490,#1491);
#1490 = CARTESIAN_POINT('',(0.,0.));
#1491 = VECTOR('',#1492,1.);
#1492 = DIRECTION('',(1.,0.));
#1493 = ( GEOMETRIC_REPRESENTATION_CONTEXT(2) 
PARAMETRIC_REPRESENTATION_CONTEXT() REPRESENTATION_CONTEXT('2D SPACE',''
  ) );
#1494 = PCURVE('',#1392,#1495);
#1495 = DEFINITIONAL_REPRESENTATION('',(#1496),#1500);
#1496 = LINE('',#1497,#1498);
#1497 = CARTESIAN_POINT('',(168.3,30.));
#1498 = VECTOR('',#1499,1.);
#1499 = DIRECTION('',(0.,1.));
#1500 = ( GEOMETRIC_REPRESENTATION_CONTEXT(2) 
PARAMETRIC_REPRESENTATION_CONTEXT() REPRESENTATION_CONTEXT('2D SPACE',''
  ) );
#1501 = ORIENTED_EDGE('',*,*,#1502,.T.);
#1502 = EDGE_CURVE('',#1480,#717,#1503,.T.);
#1503 = SURFACE_CURVE('',#1504,(#1508,#1515),.PCURVE_S1.);
#1504 = LINE('',#1505,#1506);
#1505 = CARTESIAN_POINT('',(-99.,-157.5,216.3));
#1506 = VECTOR('',#1507,1.);
#1507 = DIRECTION('',(-0.,1.,0.));
#1508 = PCURVE('',#733,#1509);
#1509 = DEFINITIONAL_REPRESENTATION('',(#1510),#1514);
#1510 = LINE('',#1511,#1512);
#1511 = CARTESIAN_POINT('',(12.,0.));
#1512 = VECTOR('',#1513,1.);
#1513 = DIRECTION('',(0.,1.));
#1514 = ( GEOMETRIC_REPRESENTATION_CONTEXT(2) 
PARAMETRIC_REPRESENTATION_CONTEXT() REPRESENTATION_CONTEXT('2D SPACE',''
  ) );
#1515 = PCURVE('',#760,#1516);
#1516 = DEFINITIONAL_REPRESENTATION('',(#1517),#1521);
#1517 = LINE('',#1518,#1519);
#1518 = CARTESIAN_POINT('',(132.6,0.));
#1519 = VECTOR('',#1520,1.);
#1520 = DIRECTION('',(0.,-1.));
#1521 = ( GEOMETRIC_REPRESENTATION_CONTEXT(2) 
PARAMETRIC_REPRESENTATION_CONTEXT() REPRESENTATION_CONTEXT('2D SPACE',''
  ) );
#1522 = ORIENTED_EDGE('',*,*,#716,.F.);
#1523 = ADVANCED_FACE('',(#1524),#760,.T.);
#1524 = FACE_BOUND('',#1525,.T.);
#1525 = EDGE_LOOP('',(#1526,#1527,#1548,#1549));
#1526 = ORIENTED_EDGE('',*,*,#1502,.F.);
#1527 = ORIENTED_EDGE('',*,*,#1528,.F.);
#1528 = EDGE_CURVE('',#1431,#1480,#1529,.T.);
#1529 = SURFACE_CURVE('',#1530,(#1534,#1541),.PCURVE_S1.);
#1530 = LINE('',#1531,#1532);
#1531 = CARTESIAN_POINT('',(-99.,-157.5,83.7));
#1532 = VECTOR('',#1533,1.);
#1533 = DIRECTION('',(0.,0.,1.));
#1534 = PCURVE('',#760,#1535);
#1535 = DEFINITIONAL_REPRESENTATION('',(#1536),#1540);
#1536 = LINE('',#1537,#1538);
#1537 = CARTESIAN_POINT('',(0.,0.));
#1538 = VECTOR('',#1539,1.);
#1539 = DIRECTION('',(1.,0.));
#1540 = ( GEOMETRIC_REPRESENTATION_CONTEXT(2) 
PARAMETRIC_REPRESENTATION_CONTEXT() REPRESENTATION_CONTEXT('2D SPACE',''
  ) );
#1541 = PCURVE('',#1392,#1542);
#1542 = DEFINITIONAL_REPRESENTATION('',(#1543),#1547);
#1543 = LINE('',#1544,#1545);
#1544 = CARTESIAN_POINT('',(35.7,42.));
#1545 = VECTOR('',#1546,1.);
#1546 = DIRECTION('',(1.,0.));
#1547 = ( GEOMETRIC_REPRESENTATION_CONTEXT(2) 
PARAMETRIC_REPRESENTATION_CONTEXT() REPRESENTATION_CONTEXT('2D SPACE',''
  ) );
#1548 = ORIENTED_EDGE('',*,*,#1453,.T.);
#1549 = ORIENTED_EDGE('',*,*,#745,.T.);
#1550 = ADVANCED_FACE('',(#1551),#817,.F.);
#1551 = FACE_BOUND('',#1552,.F.);
#1552 = EDGE_LOOP('',(#1553,#1576,#1604,#1625));
#1553 = ORIENTED_EDGE('',*,*,#1554,.F.);
#1554 = EDGE_CURVE('',#1555,#803,#1557,.T.);
#1555 = VERTEX_POINT('',#1556);
#1556 = CARTESIAN_POINT('',(99.,-157.5,216.3));
#1557 = SURFACE_CURVE('',#1558,(#1562,#1569),.PCURVE_S1.);
#1558 = LINE('',#1559,#1560);
#1559 = CARTESIAN_POINT('',(99.,-157.5,216.3));
#1560 = VECTOR('',#1561,1.);
#1561 = DIRECTION('',(-0.,1.,0.));
#1562 = PCURVE('',#817,#1563);
#1563 = DEFINITIONAL_REPRESENTATION('',(#1564),#1568);
#1564 = LINE('',#1565,#1566);
#1565 = CARTESIAN_POINT('',(132.6,0.));
#1566 = VECTOR('',#1567,1.);
#1567 = DIRECTION('',(0.,-1.));
#1568 = ( GEOMETRIC_REPRESENTATION_CONTEXT(2) 
PARAMETRIC_REPRESENTATION_CONTEXT() REPRESENTATION_CONTEXT('2D SPACE',''
  ) );
#1569 = PCURVE('',#845,#1570);
#1570 = DEFINITIONAL_REPRESENTATION('',(#1571),#1575);
#1571 = LINE('',#1572,#1573);
#1572 = CARTESIAN_POINT('',(0.,0.));
#1573 = VECTOR('',#1574,1.);
#1574 = DIRECTION('',(0.,1.));
#1575 = ( GEOMETRIC_REPRESENTATION_CONTEXT(2) 
PARAMETRIC_REPRESENTATION_CONTEXT() REPRESENTATION_CONTEXT('2D SPACE',''
  ) );
#1576 = ORIENTED_EDGE('',*,*,#1577,.F.);
#1577 = EDGE_CURVE('',#1578,#1555,#1580,.T.);
#1578 = VERTEX_POINT('',#1579);
#1579 = CARTESIAN_POINT('',(99.,-157.5,83.7));
#1580 = SURFACE_CURVE('',#1581,(#1585,#1592),.PCURVE_S1.);
#1581 = LINE('',#1582,#1583);
#1582 = CARTESIAN_POINT('',(99.,-157.5,83.7));
#1583 = VECTOR('',#1584,1.);
#1584 = DIRECTION('',(0.,0.,1.));
#1585 = PCURVE('',#817,#1586);
#1586 = DEFINITIONAL_REPRESENTATION('',(#1587),#1591);
#1587 = LINE('',#1588,#1589);
#1588 = CARTESIAN_POINT('',(0.,0.));
#1589 = VECTOR('',#1590,1.);
#1590 = DIRECTION('',(1.,0.));
#1591 = ( GEOMETRIC_REPRESENTATION_CONTEXT(2) 
PARAMETRIC_REPRESENTATION_CONTEXT() REPRESENTATION_CONTEXT('2D SPACE',''
  ) );
#1592 = PCURVE('',#1593,#1598);
#1593 = PLANE('',#1594);
#1594 = AXIS2_PLACEMENT_3D('',#1595,#1596,#1597);
#1595 = CARTESIAN_POINT('',(69.,-157.5,48.));
#1596 = DIRECTION('',(-0.,1.,0.));
#1597 = DIRECTION('',(0.,0.,1.));
#1598 = DEFINITIONAL_REPRESENTATION('',(#1599),#1603);
#1599 = LINE('',#1600,#1601);
#1600 = CARTESIAN_POINT('',(35.7,30.));
#1601 = VECTOR('',#1602,1.);
#1602 = DIRECTION('',(1.,0.));
#1603 = ( GEOMETRIC_REPRESENTATION_CONTEXT(2) 
PARAMETRIC_REPRESENTATION_CONTEXT() REPRESENTATION_CONTEXT('2D SPACE',''
  ) );
#1604 = ORIENTED_EDGE('',*,*,#1605,.T.);
#1605 = EDGE_CURVE('',#1578,#801,#1606,.T.);
#1606 = SURFACE_CURVE('',#1607,(#1611,#1618),.PCURVE_S1.);
#1607 = LINE('',#1608,#1609);
#1608 = CARTESIAN_POINT('',(99.,-157.5,83.7));
#1609 = VECTOR('',#1610,1.);
#1610 = DIRECTION('',(-0.,1.,0.));
#1611 = PCURVE('',#817,#1612);
#1612 = DEFINITIONAL_REPRESENTATION('',(#1613),#1617);
#1613 = LINE('',#1614,#1615);
#1614 = CARTESIAN_POINT('',(0.,0.));
#1615 = VECTOR('',#1616,1.);
#1616 = DIRECTION('',(0.,-1.));
#1617 = ( GEOMETRIC_REPRESENTATION_CONTEXT(2) 
PARAMETRIC_REPRESENTATION_CONTEXT() REPRESENTATION_CONTEXT('2D SPACE',''
  ) );
#1618 = PCURVE('',#898,#1619);
#1619 = DEFINITIONAL_REPRESENTATION('',(#1620),#1624);
#1620 = LINE('',#1621,#1622);
#1621 = CARTESIAN_POINT('',(0.,0.));
#1622 = VECTOR('',#1623,1.);
#1623 = DIRECTION('',(0.,1.));
#1624 = ( GEOMETRIC_REPRESENTATION_CONTEXT(2) 
PARAMETRIC_REPRESENTATION_CONTEXT() REPRESENTATION_CONTEXT('2D SPACE',''
  ) );
#1625 = ORIENTED_EDGE('',*,*,#800,.T.);
#1626 = ADVANCED_FACE('',(#1627),#898,.F.);
#1627 = FACE_BOUND('',#1628,.F.);
#1628 = EDGE_LOOP('',(#1629,#1630,#1653,#1674));
#1629 = ORIENTED_EDGE('',*,*,#1605,.F.);
#1630 = ORIENTED_EDGE('',*,*,#1631,.T.);
#1631 = EDGE_CURVE('',#1578,#1632,#1634,.T.);
#1632 = VERTEX_POINT('',#1633);
#1633 = CARTESIAN_POINT('',(111.,-157.5,83.7));
#1634 = SURFACE_CURVE('',#1635,(#1639,#1646),.PCURVE_S1.);
#1635 = LINE('',#1636,#1637);
#1636 = CARTESIAN_POINT('',(99.,-157.5,83.7));
#1637 = VECTOR('',#1638,1.);
#1638 = DIRECTION('',(1.,0.,-0.));
#1639 = PCURVE('',#898,#1640);
#1640 = DEFINITIONAL_REPRESENTATION('',(#1641),#1645);
#1641 = LINE('',#1642,#1643);
#1642 = CARTESIAN_POINT('',(0.,0.));
#1643 = VECTOR('',#1644,1.);
#1644 = DIRECTION('',(1.,0.));
#1645 = ( GEOMETRIC_REPRESENTATION_CONTEXT(2) 
PARAMETRIC_REPRESENTATION_CONTEXT() REPRESENTATION_CONTEXT('2D SPACE',''
  ) );
#1646 = PCURVE('',#1593,#1647);
#1647 = DEFINITIONAL_REPRESENTATION('',(#1648),#1652);
#1648 = LINE('',#1649,#1650);
#1649 = CARTESIAN_POINT('',(35.7,30.));
#1650 = VECTOR('',#1651,1.);
#1651 = DIRECTION('',(0.,1.));
#1652 = ( GEOMETRIC_REPRESENTATION_CONTEXT(2) 
PARAMETRIC_REPRESENTATION_CONTEXT() REPRESENTATION_CONTEXT('2D SPACE',''
  ) );
#1653 = ORIENTED_EDGE('',*,*,#1654,.T.);
#1654 = EDGE_CURVE('',#1632,#858,#1655,.T.);
#1655 = SURFACE_CURVE('',#1656,(#1660,#1667),.PCURVE_S1.);
#1656 = LINE('',#1657,#1658);
#1657 = CARTESIAN_POINT('',(111.,-157.5,83.7));
#1658 = VECTOR('',#1659,1.);
#1659 = DIRECTION('',(-0.,1.,0.));
#1660 = PCURVE('',#898,#1661);
#1661 = DEFINITIONAL_REPRESENTATION('',(#1662),#1666);
#1662 = LINE('',#1663,#1664);
#1663 = CARTESIAN_POINT('',(12.,0.));
#1664 = VECTOR('',#1665,1.);
#1665 = DIRECTION('',(0.,1.));
#1666 = ( GEOMETRIC_REPRESENTATION_CONTEXT(2) 
PARAMETRIC_REPRESENTATION_CONTEXT() REPRESENTATION_CONTEXT('2D SPACE',''
  ) );
#1667 = PCURVE('',#872,#1668);
#1668 = DEFINITIONAL_REPRESENTATION('',(#1669),#1673);
#1669 = LINE('',#1670,#1671);
#1670 = CARTESIAN_POINT('',(0.,0.));
#1671 = VECTOR('',#1672,1.);
#1672 = DIRECTION('',(0.,-1.));
#1673 = ( GEOMETRIC_REPRESENTATION_CONTEXT(2) 
PARAMETRIC_REPRESENTATION_CONTEXT() REPRESENTATION_CONTEXT('2D SPACE',''
  ) );
#1674 = ORIENTED_EDGE('',*,*,#883,.F.);
#1675 = ADVANCED_FACE('',(#1676),#845,.T.);
#1676 = FACE_BOUND('',#1677,.T.);
#1677 = EDGE_LOOP('',(#1678,#1679,#1702,#1723));
#1678 = ORIENTED_EDGE('',*,*,#1554,.F.);
#1679 = ORIENTED_EDGE('',*,*,#1680,.T.);
#1680 = EDGE_CURVE('',#1555,#1681,#1683,.T.);
#1681 = VERTEX_POINT('',#1682);
#1682 = CARTESIAN_POINT('',(111.,-157.5,216.3));
#1683 = SURFACE_CURVE('',#1684,(#1688,#1695),.PCURVE_S1.);
#1684 = LINE('',#1685,#1686);
#1685 = CARTESIAN_POINT('',(99.,-157.5,216.3));
#1686 = VECTOR('',#1687,1.);
#1687 = DIRECTION('',(1.,0.,-0.));
#1688 = PCURVE('',#845,#1689);
#1689 = DEFINITIONAL_REPRESENTATION('',(#1690),#1694);
#1690 = LINE('',#1691,#1692);
#1691 = CARTESIAN_POINT('',(0.,0.));
#1692 = VECTOR('',#1693,1.);
#1693 = DIRECTION('',(1.,0.));
#1694 = ( GEOMETRIC_REPRESENTATION_CONTEXT(2) 
PARAMETRIC_REPRESENTATION_CONTEXT() REPRESENTATION_CONTEXT('2D SPACE',''
  ) );
#1695 = PCURVE('',#1593,#1696);
#1696 = DEFINITIONAL_REPRESENTATION('',(#1697),#1701);
#1697 = LINE('',#1698,#1699);
#1698 = CARTESIAN_POINT('',(168.3,30.));
#1699 = VECTOR('',#1700,1.);
#1700 = DIRECTION('',(0.,1.));
#1701 = ( GEOMETRIC_REPRESENTATION_CONTEXT(2) 
PARAMETRIC_REPRESENTATION_CONTEXT() REPRESENTATION_CONTEXT('2D SPACE',''
  ) );
#1702 = ORIENTED_EDGE('',*,*,#1703,.T.);
#1703 = EDGE_CURVE('',#1681,#829,#1704,.T.);
#1704 = SURFACE_CURVE('',#1705,(#1709,#1716),.PCURVE_S1.);
#1705 = LINE('',#1706,#1707);
#1706 = CARTESIAN_POINT('',(111.,-157.5,216.3));
#1707 = VECTOR('',#1708,1.);
#1708 = DIRECTION('',(-0.,1.,0.));
#1709 = PCURVE('',#845,#1710);
#1710 = DEFINITIONAL_REPRESENTATION('',(#1711),#1715);
#1711 = LINE('',#1712,#1713);
#1712 = CARTESIAN_POINT('',(12.,0.));
#1713 = VECTOR('',#1714,1.);
#1714 = DIRECTION('',(0.,1.));
#1715 = ( GEOMETRIC_REPRESENTATION_CONTEXT(2) 
PARAMETRIC_REPRESENTATION_CONTEXT() REPRESENTATION_CONTEXT('2D SPACE',''
  ) );
#1716 = PCURVE('',#872,#1717);
#1717 = DEFINITIONAL_REPRESENTATION('',(#1718),#1722);
#1718 = LINE('',#1719,#1720);
#1719 = CARTESIAN_POINT('',(132.6,0.));
#1720 = VECTOR('',#1721,1.);
#1721 = DIRECTION('',(0.,-1.));
#1722 = ( GEOMETRIC_REPRESENTATION_CONTEXT(2) 
PARAMETRIC_REPRESENTATION_CONTEXT() REPRESENTATION_CONTEXT('2D SPACE',''
  ) );
#1723 = ORIENTED_EDGE('',*,*,#828,.F.);
#1724 = ADVANCED_FACE('',(#1725),#872,.T.);
#1725 = FACE_BOUND('',#1726,.T.);
#1726 = EDGE_LOOP('',(#1727,#1728,#1749,#1750));
#1727 = ORIENTED_EDGE('',*,*,#1703,.F.);
#1728 = ORIENTED_EDGE('',*,*,#1729,.F.);
#1729 = EDGE_CURVE('',#1632,#1681,#1730,.T.);
#1730 = SURFACE_CURVE('',#1731,(#1735,#1742),.PCURVE_S1.);
#1731 = LINE('',#1732,#1733);
#1732 = CARTESIAN_POINT('',(111.,-157.5,83.7));
#1733 = VECTOR('',#1734,1.);
#1734 = DIRECTION('',(0.,0.,1.));
#1735 = PCURVE('',#872,#1736);
#1736 = DEFINITIONAL_REPRESENTATION('',(#1737),#1741);
#1737 = LINE('',#1738,#1739);
#1738 = CARTESIAN_POINT('',(0.,0.));
#1739 = VECTOR('',#1740,1.);
#1740 = DIRECTION('',(1.,0.));
#1741 = ( GEOMETRIC_REPRESENTATION_CONTEXT(2) 
PARAMETRIC_REPRESENTATION_CONTEXT() REPRESENTATION_CONTEXT('2D SPACE',''
  ) );
#1742 = PCURVE('',#1593,#1743);
#1743 = DEFINITIONAL_REPRESENTATION('',(#1744),#1748);
#1744 = LINE('',#1745,#1746);
#1745 = CARTESIAN_POINT('',(35.7,42.));
#1746 = VECTOR('',#1747,1.);
#1747 = DIRECTION('',(1.,0.));
#1748 = ( GEOMETRIC_REPRESENTATION_CONTEXT(2) 
PARAMETRIC_REPRESENTATION_CONTEXT() REPRESENTATION_CONTEXT('2D SPACE',''
  ) );
#1749 = ORIENTED_EDGE('',*,*,#1654,.T.);
#1750 = ORIENTED_EDGE('',*,*,#857,.T.);
#1751 = ADVANCED_FACE('',(#1752),#1118,.T.);
#1752 = FACE_BOUND('',#1753,.T.);
#1753 = EDGE_LOOP('',(#1754,#1777,#1804,#1805));
#1754 = ORIENTED_EDGE('',*,*,#1755,.T.);
#1755 = EDGE_CURVE('',#913,#1756,#1758,.T.);
#1756 = VERTEX_POINT('',#1757);
#1757 = CARTESIAN_POINT('',(1.58966582297E-14,166.,248.9));
#1758 = SEAM_CURVE('',#1759,(#1763,#1770),.PCURVE_S1.);
#1759 = LINE('',#1760,#1761);
#1760 = CARTESIAN_POINT('',(1.376503002242E-14,146.8,248.9));
#1761 = VECTOR('',#1762,1.);
#1762 = DIRECTION('',(1.110223024625E-16,1.,1.110223024625E-16));
#1763 = PCURVE('',#1118,#1764);
#1764 = DEFINITIONAL_REPRESENTATION('',(#1765),#1769);
#1765 = LINE('',#1766,#1767);
#1766 = CARTESIAN_POINT('',(6.28318530718,-0.));
#1767 = VECTOR('',#1768,1.);
#1768 = DIRECTION('',(0.,1.));
#1769 = ( GEOMETRIC_REPRESENTATION_CONTEXT(2) 
PARAMETRIC_REPRESENTATION_CONTEXT() REPRESENTATION_CONTEXT('2D SPACE',''
  ) );
#1770 = PCURVE('',#1118,#1771);
#1771 = DEFINITIONAL_REPRESENTATION('',(#1772),#1776);
#1772 = LINE('',#1773,#1774);
#1773 = CARTESIAN_POINT('',(0.,-0.));
#1774 = VECTOR('',#1775,1.);
#1775 = DIRECTION('',(0.,1.));
#1776 = ( GEOMETRIC_REPRESENTATION_CONTEXT(2) 
PARAMETRIC_REPRESENTATION_CONTEXT() REPRESENTATION_CONTEXT('2D SPACE',''
  ) );
#1777 = ORIENTED_EDGE('',*,*,#1778,.F.);
#1778 = EDGE_CURVE('',#1756,#1756,#1779,.T.);
#1779 = SURFACE_CURVE('',#1780,(#1785,#1792),.PCURVE_S1.);
#1780 = CIRCLE('',#1781,19.5);
#1781 = AXIS2_PLACEMENT_3D('',#1782,#1783,#1784);
#1782 = CARTESIAN_POINT('',(1.112053571302E-14,166.,268.4));
#1783 = DIRECTION('',(1.110223024625E-16,1.,1.110223024625E-16));
#1784 = DIRECTION('',(1.232595164408E-32,1.110223024625E-16,-1.));
#1785 = PCURVE('',#1118,#1786);
#1786 = DEFINITIONAL_REPRESENTATION('',(#1787),#1791);
#1787 = LINE('',#1788,#1789);
#1788 = CARTESIAN_POINT('',(0.,19.2));
#1789 = VECTOR('',#1790,1.);
#1790 = DIRECTION('',(1.,0.));
#1791 = ( GEOMETRIC_REPRESENTATION_CONTEXT(2) 
PARAMETRIC_REPRESENTATION_CONTEXT() REPRESENTATION_CONTEXT('2D SPACE',''
  ) );
#1792 = PCURVE('',#1793,#1798);
#1793 = PLANE('',#1794);
#1794 = AXIS2_PLACEMENT_3D('',#1795,#1796,#1797);
#1795 = CARTESIAN_POINT('',(1.112053571302E-14,166.,268.4));
#1796 = DIRECTION('',(1.110223024625E-16,1.,1.110223024625E-16));
#1797 = DIRECTION('',(1.232595164408E-32,1.110223024625E-16,-1.));
#1798 = DEFINITIONAL_REPRESENTATION('',(#1799),#1803);
#1799 = CIRCLE('',#1800,19.5);
#1800 = AXIS2_PLACEMENT_2D('',#1801,#1802);
#1801 = CARTESIAN_POINT('',(0.,0.));
#1802 = DIRECTION('',(1.,0.));
#1803 = ( GEOMETRIC_REPRESENTATION_CONTEXT(2) 
PARAMETRIC_REPRESENTATION_CONTEXT() REPRESENTATION_CONTEXT('2D SPACE',''
  ) );
#1804 = ORIENTED_EDGE('',*,*,#1755,.F.);
#1805 = ORIENTED_EDGE('',*,*,#912,.T.);
#1806 = ADVANCED_FACE('',(#1807,#1833),#1245,.F.);
#1807 = FACE_BOUND('',#1808,.F.);
#1808 = EDGE_LOOP('',(#1809));
#1809 = ORIENTED_EDGE('',*,*,#1810,.T.);
#1810 = EDGE_CURVE('',#1811,#1811,#1813,.T.);
#1811 = VERTEX_POINT('',#1812);
#1812 = CARTESIAN_POINT('',(142.,-3.477996909578E-14,0.));
#1813 = SURFACE_CURVE('',#1814,(#1819,#1826),.PCURVE_S1.);
#1814 = CIRCLE('',#1815,142.);
#1815 = AXIS2_PLACEMENT_3D('',#1816,#1817,#1818);
#1816 = CARTESIAN_POINT('',(0.,0.,0.));
#1817 = DIRECTION('',(0.,0.,1.));
#1818 = DIRECTION('',(1.,0.,-0.));
#1819 = PCURVE('',#1245,#1820);
#1820 = DEFINITIONAL_REPRESENTATION('',(#1821),#1825);
#1821 = CIRCLE('',#1822,142.);
#1822 = AXIS2_PLACEMENT_2D('',#1823,#1824);
#1823 = CARTESIAN_POINT('',(0.,0.));
#1824 = DIRECTION('',(1.,0.));
#1825 = ( GEOMETRIC_REPRESENTATION_CONTEXT(2) 
PARAMETRIC_REPRESENTATION_CONTEXT() REPRESENTATION_CONTEXT('2D SPACE',''
  ) );
#1826 = PCURVE('',#1283,#1827);
#1827 = DEFINITIONAL_REPRESENTATION('',(#1828),#1832);
#1828 = CIRCLE('',#1829,142.);
#1829 = AXIS2_PLACEMENT_2D('',#1830,#1831);
#1830 = CARTESIAN_POINT('',(0.,0.));
#1831 = DIRECTION('',(1.,0.));
#1832 = ( GEOMETRIC_REPRESENTATION_CONTEXT(2) 
PARAMETRIC_REPRESENTATION_CONTEXT() REPRESENTATION_CONTEXT('2D SPACE',''
  ) );
#1833 = FACE_BOUND('',#1834,.F.);
#1834 = EDGE_LOOP('',(#1835));
#1835 = ORIENTED_EDGE('',*,*,#1228,.F.);
#1836 = ADVANCED_FACE('',(#1837,#1840),#1283,.F.);
#1837 = FACE_BOUND('',#1838,.F.);
#1838 = EDGE_LOOP('',(#1839));
#1839 = ORIENTED_EDGE('',*,*,#1266,.T.);
#1840 = FACE_BOUND('',#1841,.F.);
#1841 = EDGE_LOOP('',(#1842));
#1842 = ORIENTED_EDGE('',*,*,#1810,.F.);
#1843 = ADVANCED_FACE('',(#1844),#1336,.T.);
#1844 = FACE_BOUND('',#1845,.T.);
#1845 = EDGE_LOOP('',(#1846));
#1846 = ORIENTED_EDGE('',*,*,#1321,.T.);
#1847 = ADVANCED_FACE('',(#1848,#1962),#1392,.T.);
#1848 = FACE_BOUND('',#1849,.T.);
#1849 = EDGE_LOOP('',(#1850,#1880,#1908,#1936));
#1850 = ORIENTED_EDGE('',*,*,#1851,.F.);
#1851 = EDGE_CURVE('',#1852,#1854,#1856,.T.);
#1852 = VERTEX_POINT('',#1853);
#1853 = CARTESIAN_POINT('',(-141.,-157.5,48.));
#1854 = VERTEX_POINT('',#1855);
#1855 = CARTESIAN_POINT('',(-69.,-157.5,48.));
#1856 = SURFACE_CURVE('',#1857,(#1861,#1868),.PCURVE_S1.);
#1857 = LINE('',#1858,#1859);
#1858 = CARTESIAN_POINT('',(-141.,-157.5,48.));
#1859 = VECTOR('',#1860,1.);
#1860 = DIRECTION('',(1.,0.,-0.));
#1861 = PCURVE('',#1392,#1862);
#1862 = DEFINITIONAL_REPRESENTATION('',(#1863),#1867);
#1863 = LINE('',#1864,#1865);
#1864 = CARTESIAN_POINT('',(0.,0.));
#1865 = VECTOR('',#1866,1.);
#1866 = DIRECTION('',(0.,1.));
#1867 = ( GEOMETRIC_REPRESENTATION_CONTEXT(2) 
PARAMETRIC_REPRESENTATION_CONTEXT() REPRESENTATION_CONTEXT('2D SPACE',''
  ) );
#1868 = PCURVE('',#1869,#1874);
#1869 = PLANE('',#1870);
#1870 = AXIS2_PLACEMENT_3D('',#1871,#1872,#1873);
#1871 = CARTESIAN_POINT('',(-141.,-171.1,48.));
#1872 = DIRECTION('',(0.,0.,1.));
#1873 = DIRECTION('',(1.,0.,-0.));
#1874 = DEFINITIONAL_REPRESENTATION('',(#1875),#1879);
#1875 = LINE('',#1876,#1877);
#1876 = CARTESIAN_POINT('',(0.,13.6));
#1877 = VECTOR('',#1878,1.);
#1878 = DIRECTION('',(1.,0.));
#1879 = ( GEOMETRIC_REPRESENTATION_CONTEXT(2) 
PARAMETRIC_REPRESENTATION_CONTEXT() REPRESENTATION_CONTEXT('2D SPACE',''
  ) );
#1880 = ORIENTED_EDGE('',*,*,#1881,.T.);
#1881 = EDGE_CURVE('',#1852,#1882,#1884,.T.);
#1882 = VERTEX_POINT('',#1883);
#1883 = CARTESIAN_POINT('',(-141.,-157.5,252.));
#1884 = SURFACE_CURVE('',#1885,(#1889,#1896),.PCURVE_S1.);
#1885 = LINE('',#1886,#1887);
#1886 = CARTESIAN_POINT('',(-141.,-157.5,48.));
#1887 = VECTOR('',#1888,1.);
#1888 = DIRECTION('',(0.,0.,1.));
#1889 = PCURVE('',#1392,#1890);
#1890 = DEFINITIONAL_REPRESENTATION('',(#1891),#1895);
#1891 = LINE('',#1892,#1893);
#1892 = CARTESIAN_POINT('',(0.,0.));
#1893 = VECTOR('',#1894,1.);
#1894 = DIRECTION('',(1.,0.));
#1895 = ( GEOMETRIC_REPRESENTATION_CONTEXT(2) 
PARAMETRIC_REPRESENTATION_CONTEXT() REPRESENTATION_CONTEXT('2D SPACE',''
  ) );
#1896 = PCURVE('',#1897,#1902);
#1897 = PLANE('',#1898);
#1898 = AXIS2_PLACEMENT_3D('',#1899,#1900,#1901);
#1899 = CARTESIAN_POINT('',(-141.,-171.1,48.));
#1900 = DIRECTION('',(1.,0.,-0.));
#1901 = DIRECTION('',(0.,0.,1.));
#1902 = DEFINITIONAL_REPRESENTATION('',(#1903),#1907);
#1903 = LINE('',#1904,#1905);
#1904 = CARTESIAN_POINT('',(0.,-13.6));
#1905 = VECTOR('',#1906,1.);
#1906 = DIRECTION('',(1.,0.));
#1907 = ( GEOMETRIC_REPRESENTATION_CONTEXT(2) 
PARAMETRIC_REPRESENTATION_CONTEXT() REPRESENTATION_CONTEXT('2D SPACE',''
  ) );
#1908 = ORIENTED_EDGE('',*,*,#1909,.T.);
#1909 = EDGE_CURVE('',#1882,#1910,#1912,.T.);
#1910 = VERTEX_POINT('',#1911);
#1911 = CARTESIAN_POINT('',(-69.,-157.5,252.));
#1912 = SURFACE_CURVE('',#1913,(#1917,#1924),.PCURVE_S1.);
#1913 = LINE('',#1914,#1915);
#1914 = CARTESIAN_POINT('',(-141.,-157.5,252.));
#1915 = VECTOR('',#1916,1.);
#1916 = DIRECTION('',(1.,0.,-0.));
#1917 = PCURVE('',#1392,#1918);
#1918 = DEFINITIONAL_REPRESENTATION('',(#1919),#1923);
#1919 = LINE('',#1920,#1921);
#1920 = CARTESIAN_POINT('',(204.,0.));
#1921 = VECTOR('',#1922,1.);
#1922 = DIRECTION('',(0.,1.));
#1923 = ( GEOMETRIC_REPRESENTATION_CONTEXT(2) 
PARAMETRIC_REPRESENTATION_CONTEXT() REPRESENTATION_CONTEXT('2D SPACE',''
  ) );
#1924 = PCURVE('',#1925,#1930);
#1925 = PLANE('',#1926);
#1926 = AXIS2_PLACEMENT_3D('',#1927,#1928,#1929);
#1927 = CARTESIAN_POINT('',(-141.,-171.1,252.));
#1928 = DIRECTION('',(0.,0.,1.));
#1929 = DIRECTION('',(1.,0.,-0.));
#1930 = DEFINITIONAL_REPRESENTATION('',(#1931),#1935);
#1931 = LINE('',#1932,#1933);
#1932 = CARTESIAN_POINT('',(0.,13.6));
#1933 = VECTOR('',#1934,1.);
#1934 = DIRECTION('',(1.,0.));
#1935 = ( GEOMETRIC_REPRESENTATION_CONTEXT(2) 
PARAMETRIC_REPRESENTATION_CONTEXT() REPRESENTATION_CONTEXT('2D SPACE',''
  ) );
#1936 = ORIENTED_EDGE('',*,*,#1937,.F.);
#1937 = EDGE_CURVE('',#1854,#1910,#1938,.T.);
#1938 = SURFACE_CURVE('',#1939,(#1943,#1950),.PCURVE_S1.);
#1939 = LINE('',#1940,#1941);
#1940 = CARTESIAN_POINT('',(-69.,-157.5,48.));
#1941 = VECTOR('',#1942,1.);
#1942 = DIRECTION('',(0.,0.,1.));
#1943 = PCURVE('',#1392,#1944);
#1944 = DEFINITIONAL_REPRESENTATION('',(#1945),#1949);
#1945 = LINE('',#1946,#1947);
#1946 = CARTESIAN_POINT('',(0.,72.));
#1947 = VECTOR('',#1948,1.);
#1948 = DIRECTION('',(1.,0.));
#1949 = ( GEOMETRIC_REPRESENTATION_CONTEXT(2) 
PARAMETRIC_REPRESENTATION_CONTEXT() REPRESENTATION_CONTEXT('2D SPACE',''
  ) );
#1950 = PCURVE('',#1951,#1956);
#1951 = PLANE('',#1952);
#1952 = AXIS2_PLACEMENT_3D('',#1953,#1954,#1955);
#1953 = CARTESIAN_POINT('',(-69.,-171.1,48.));
#1954 = DIRECTION('',(1.,0.,-0.));
#1955 = DIRECTION('',(0.,0.,1.));
#1956 = DEFINITIONAL_REPRESENTATION('',(#1957),#1961);
#1957 = LINE('',#1958,#1959);
#1958 = CARTESIAN_POINT('',(0.,-13.6));
#1959 = VECTOR('',#1960,1.);
#1960 = DIRECTION('',(1.,0.));
#1961 = ( GEOMETRIC_REPRESENTATION_CONTEXT(2) 
PARAMETRIC_REPRESENTATION_CONTEXT() REPRESENTATION_CONTEXT('2D SPACE',''
  ) );
#1962 = FACE_BOUND('',#1963,.T.);
#1963 = EDGE_LOOP('',(#1964,#1965,#1966,#1967));
#1964 = ORIENTED_EDGE('',*,*,#1479,.F.);
#1965 = ORIENTED_EDGE('',*,*,#1376,.F.);
#1966 = ORIENTED_EDGE('',*,*,#1430,.T.);
#1967 = ORIENTED_EDGE('',*,*,#1528,.T.);
#1968 = ADVANCED_FACE('',(#1969,#2083),#1593,.T.);
#1969 = FACE_BOUND('',#1970,.T.);
#1970 = EDGE_LOOP('',(#1971,#2001,#2029,#2057));
#1971 = ORIENTED_EDGE('',*,*,#1972,.F.);
#1972 = EDGE_CURVE('',#1973,#1975,#1977,.T.);
#1973 = VERTEX_POINT('',#1974);
#1974 = CARTESIAN_POINT('',(69.,-157.5,48.));
#1975 = VERTEX_POINT('',#1976);
#1976 = CARTESIAN_POINT('',(141.,-157.5,48.));
#1977 = SURFACE_CURVE('',#1978,(#1982,#1989),.PCURVE_S1.);
#1978 = LINE('',#1979,#1980);
#1979 = CARTESIAN_POINT('',(69.,-157.5,48.));
#1980 = VECTOR('',#1981,1.);
#1981 = DIRECTION('',(1.,0.,-0.));
#1982 = PCURVE('',#1593,#1983);
#1983 = DEFINITIONAL_REPRESENTATION('',(#1984),#1988);
#1984 = LINE('',#1985,#1986);
#1985 = CARTESIAN_POINT('',(0.,0.));
#1986 = VECTOR('',#1987,1.);
#1987 = DIRECTION('',(0.,1.));
#1988 = ( GEOMETRIC_REPRESENTATION_CONTEXT(2) 
PARAMETRIC_REPRESENTATION_CONTEXT() REPRESENTATION_CONTEXT('2D SPACE',''
  ) );
#1989 = PCURVE('',#1990,#1995);
#1990 = PLANE('',#1991);
#1991 = AXIS2_PLACEMENT_3D('',#1992,#1993,#1994);
#1992 = CARTESIAN_POINT('',(69.,-171.1,48.));
#1993 = DIRECTION('',(0.,0.,1.));
#1994 = DIRECTION('',(1.,0.,-0.));
#1995 = DEFINITIONAL_REPRESENTATION('',(#1996),#2000);
#1996 = LINE('',#1997,#1998);
#1997 = CARTESIAN_POINT('',(0.,13.6));
#1998 = VECTOR('',#1999,1.);
#1999 = DIRECTION('',(1.,0.));
#2000 = ( GEOMETRIC_REPRESENTATION_CONTEXT(2) 
PARAMETRIC_REPRESENTATION_CONTEXT() REPRESENTATION_CONTEXT('2D SPACE',''
  ) );
#2001 = ORIENTED_EDGE('',*,*,#2002,.T.);
#2002 = EDGE_CURVE('',#1973,#2003,#2005,.T.);
#2003 = VERTEX_POINT('',#2004);
#2004 = CARTESIAN_POINT('',(69.,-157.5,252.));
#2005 = SURFACE_CURVE('',#2006,(#2010,#2017),.PCURVE_S1.);
#2006 = LINE('',#2007,#2008);
#2007 = CARTESIAN_POINT('',(69.,-157.5,48.));
#2008 = VECTOR('',#2009,1.);
#2009 = DIRECTION('',(0.,0.,1.));
#2010 = PCURVE('',#1593,#2011);
#2011 = DEFINITIONAL_REPRESENTATION('',(#2012),#2016);
#2012 = LINE('',#2013,#2014);
#2013 = CARTESIAN_POINT('',(0.,0.));
#2014 = VECTOR('',#2015,1.);
#2015 = DIRECTION('',(1.,0.));
#2016 = ( GEOMETRIC_REPRESENTATION_CONTEXT(2) 
PARAMETRIC_REPRESENTATION_CONTEXT() REPRESENTATION_CONTEXT('2D SPACE',''
  ) );
#2017 = PCURVE('',#2018,#2023);
#2018 = PLANE('',#2019);
#2019 = AXIS2_PLACEMENT_3D('',#2020,#2021,#2022);
#2020 = CARTESIAN_POINT('',(69.,-171.1,48.));
#2021 = DIRECTION('',(1.,0.,-0.));
#2022 = DIRECTION('',(0.,0.,1.));
#2023 = DEFINITIONAL_REPRESENTATION('',(#2024),#2028);
#2024 = LINE('',#2025,#2026);
#2025 = CARTESIAN_POINT('',(0.,-13.6));
#2026 = VECTOR('',#2027,1.);
#2027 = DIRECTION('',(1.,0.));
#2028 = ( GEOMETRIC_REPRESENTATION_CONTEXT(2) 
PARAMETRIC_REPRESENTATION_CONTEXT() REPRESENTATION_CONTEXT('2D SPACE',''
  ) );
#2029 = ORIENTED_EDGE('',*,*,#2030,.T.);
#2030 = EDGE_CURVE('',#2003,#2031,#2033,.T.);
#2031 = VERTEX_POINT('',#2032);
#2032 = CARTESIAN_POINT('',(141.,-157.5,252.));
#2033 = SURFACE_CURVE('',#2034,(#2038,#2045),.PCURVE_S1.);
#2034 = LINE('',#2035,#2036);
#2035 = CARTESIAN_POINT('',(69.,-157.5,252.));
#2036 = VECTOR('',#2037,1.);
#2037 = DIRECTION('',(1.,0.,-0.));
#2038 = PCURVE('',#1593,#2039);
#2039 = DEFINITIONAL_REPRESENTATION('',(#2040),#2044);
#2040 = LINE('',#2041,#2042);
#2041 = CARTESIAN_POINT('',(204.,0.));
#2042 = VECTOR('',#2043,1.);
#2043 = DIRECTION('',(0.,1.));
#2044 = ( GEOMETRIC_REPRESENTATION_CONTEXT(2) 
PARAMETRIC_REPRESENTATION_CONTEXT() REPRESENTATION_CONTEXT('2D SPACE',''
  ) );
#2045 = PCURVE('',#2046,#2051);
#2046 = PLANE('',#2047);
#2047 = AXIS2_PLACEMENT_3D('',#2048,#2049,#2050);
#2048 = CARTESIAN_POINT('',(69.,-171.1,252.));
#2049 = DIRECTION('',(0.,0.,1.));
#2050 = DIRECTION('',(1.,0.,-0.));
#2051 = DEFINITIONAL_REPRESENTATION('',(#2052),#2056);
#2052 = LINE('',#2053,#2054);
#2053 = CARTESIAN_POINT('',(0.,13.6));
#2054 = VECTOR('',#2055,1.);
#2055 = DIRECTION('',(1.,0.));
#2056 = ( GEOMETRIC_REPRESENTATION_CONTEXT(2) 
PARAMETRIC_REPRESENTATION_CONTEXT() REPRESENTATION_CONTEXT('2D SPACE',''
  ) );
#2057 = ORIENTED_EDGE('',*,*,#2058,.F.);
#2058 = EDGE_CURVE('',#1975,#2031,#2059,.T.);
#2059 = SURFACE_CURVE('',#2060,(#2064,#2071),.PCURVE_S1.);
#2060 = LINE('',#2061,#2062);
#2061 = CARTESIAN_POINT('',(141.,-157.5,48.));
#2062 = VECTOR('',#2063,1.);
#2063 = DIRECTION('',(0.,0.,1.));
#2064 = PCURVE('',#1593,#2065);
#2065 = DEFINITIONAL_REPRESENTATION('',(#2066),#2070);
#2066 = LINE('',#2067,#2068);
#2067 = CARTESIAN_POINT('',(0.,72.));
#2068 = VECTOR('',#2069,1.);
#2069 = DIRECTION('',(1.,0.));
#2070 = ( GEOMETRIC_REPRESENTATION_CONTEXT(2) 
PARAMETRIC_REPRESENTATION_CONTEXT() REPRESENTATION_CONTEXT('2D SPACE',''
  ) );
#2071 = PCURVE('',#2072,#2077);
#2072 = PLANE('',#2073);
#2073 = AXIS2_PLACEMENT_3D('',#2074,#2075,#2076);
#2074 = CARTESIAN_POINT('',(141.,-171.1,48.));
#2075 = DIRECTION('',(1.,0.,-0.));
#2076 = DIRECTION('',(0.,0.,1.));
#2077 = DEFINITIONAL_REPRESENTATION('',(#2078),#2082);
#2078 = LINE('',#2079,#2080);
#2079 = CARTESIAN_POINT('',(0.,-13.6));
#2080 = VECTOR('',#2081,1.);
#2081 = DIRECTION('',(1.,0.));
#2082 = ( GEOMETRIC_REPRESENTATION_CONTEXT(2) 
PARAMETRIC_REPRESENTATION_CONTEXT() REPRESENTATION_CONTEXT('2D SPACE',''
  ) );
#2083 = FACE_BOUND('',#2084,.T.);
#2084 = EDGE_LOOP('',(#2085,#2086,#2087,#2088));
#2085 = ORIENTED_EDGE('',*,*,#1680,.F.);
#2086 = ORIENTED_EDGE('',*,*,#1577,.F.);
#2087 = ORIENTED_EDGE('',*,*,#1631,.T.);
#2088 = ORIENTED_EDGE('',*,*,#1729,.T.);
#2089 = ADVANCED_FACE('',(#2090),#1793,.T.);
#2090 = FACE_BOUND('',#2091,.T.);
#2091 = EDGE_LOOP('',(#2092));
#2092 = ORIENTED_EDGE('',*,*,#1778,.T.);
#2093 = ADVANCED_FACE('',(#2094),#1869,.F.);
#2094 = FACE_BOUND('',#2095,.F.);
#2095 = EDGE_LOOP('',(#2096,#2119,#2147,#2168));
#2096 = ORIENTED_EDGE('',*,*,#2097,.F.);
#2097 = EDGE_CURVE('',#2098,#1852,#2100,.T.);
#2098 = VERTEX_POINT('',#2099);
#2099 = CARTESIAN_POINT('',(-141.,-171.1,48.));
#2100 = SURFACE_CURVE('',#2101,(#2105,#2112),.PCURVE_S1.);
#2101 = LINE('',#2102,#2103);
#2102 = CARTESIAN_POINT('',(-141.,-171.1,48.));
#2103 = VECTOR('',#2104,1.);
#2104 = DIRECTION('',(-0.,1.,0.));
#2105 = PCURVE('',#1869,#2106);
#2106 = DEFINITIONAL_REPRESENTATION('',(#2107),#2111);
#2107 = LINE('',#2108,#2109);
#2108 = CARTESIAN_POINT('',(0.,0.));
#2109 = VECTOR('',#2110,1.);
#2110 = DIRECTION('',(0.,1.));
#2111 = ( GEOMETRIC_REPRESENTATION_CONTEXT(2) 
PARAMETRIC_REPRESENTATION_CONTEXT() REPRESENTATION_CONTEXT('2D SPACE',''
  ) );
#2112 = PCURVE('',#1897,#2113);
#2113 = DEFINITIONAL_REPRESENTATION('',(#2114),#2118);
#2114 = LINE('',#2115,#2116);
#2115 = CARTESIAN_POINT('',(0.,0.));
#2116 = VECTOR('',#2117,1.);
#2117 = DIRECTION('',(0.,-1.));
#2118 = ( GEOMETRIC_REPRESENTATION_CONTEXT(2) 
PARAMETRIC_REPRESENTATION_CONTEXT() REPRESENTATION_CONTEXT('2D SPACE',''
  ) );
#2119 = ORIENTED_EDGE('',*,*,#2120,.T.);
#2120 = EDGE_CURVE('',#2098,#2121,#2123,.T.);
#2121 = VERTEX_POINT('',#2122);
#2122 = CARTESIAN_POINT('',(-69.,-171.1,48.));
#2123 = SURFACE_CURVE('',#2124,(#2128,#2135),.PCURVE_S1.);
#2124 = LINE('',#2125,#2126);
#2125 = CARTESIAN_POINT('',(-141.,-171.1,48.));
#2126 = VECTOR('',#2127,1.);
#2127 = DIRECTION('',(1.,0.,-0.));
#2128 = PCURVE('',#1869,#2129);
#2129 = DEFINITIONAL_REPRESENTATION('',(#2130),#2134);
#2130 = LINE('',#2131,#2132);
#2131 = CARTESIAN_POINT('',(0.,0.));
#2132 = VECTOR('',#2133,1.);
#2133 = DIRECTION('',(1.,0.));
#2134 = ( GEOMETRIC_REPRESENTATION_CONTEXT(2) 
PARAMETRIC_REPRESENTATION_CONTEXT() REPRESENTATION_CONTEXT('2D SPACE',''
  ) );
#2135 = PCURVE('',#2136,#2141);
#2136 = PLANE('',#2137);
#2137 = AXIS2_PLACEMENT_3D('',#2138,#2139,#2140);
#2138 = CARTESIAN_POINT('',(-141.,-171.1,48.));
#2139 = DIRECTION('',(-0.,1.,0.));
#2140 = DIRECTION('',(0.,0.,1.));
#2141 = DEFINITIONAL_REPRESENTATION('',(#2142),#2146);
#2142 = LINE('',#2143,#2144);
#2143 = CARTESIAN_POINT('',(0.,0.));
#2144 = VECTOR('',#2145,1.);
#2145 = DIRECTION('',(0.,1.));
#2146 = ( GEOMETRIC_REPRESENTATION_CONTEXT(2) 
PARAMETRIC_REPRESENTATION_CONTEXT() REPRESENTATION_CONTEXT('2D SPACE',''
  ) );
#2147 = ORIENTED_EDGE('',*,*,#2148,.T.);
#2148 = EDGE_CURVE('',#2121,#1854,#2149,.T.);
#2149 = SURFACE_CURVE('',#2150,(#2154,#2161),.PCURVE_S1.);
#2150 = LINE('',#2151,#2152);
#2151 = CARTESIAN_POINT('',(-69.,-171.1,48.));
#2152 = VECTOR('',#2153,1.);
#2153 = DIRECTION('',(-0.,1.,0.));
#2154 = PCURVE('',#1869,#2155);
#2155 = DEFINITIONAL_REPRESENTATION('',(#2156),#2160);
#2156 = LINE('',#2157,#2158);
#2157 = CARTESIAN_POINT('',(72.,0.));
#2158 = VECTOR('',#2159,1.);
#2159 = DIRECTION('',(0.,1.));
#2160 = ( GEOMETRIC_REPRESENTATION_CONTEXT(2) 
PARAMETRIC_REPRESENTATION_CONTEXT() REPRESENTATION_CONTEXT('2D SPACE',''
  ) );
#2161 = PCURVE('',#1951,#2162);
#2162 = DEFINITIONAL_REPRESENTATION('',(#2163),#2167);
#2163 = LINE('',#2164,#2165);
#2164 = CARTESIAN_POINT('',(0.,0.));
#2165 = VECTOR('',#2166,1.);
#2166 = DIRECTION('',(0.,-1.));
#2167 = ( GEOMETRIC_REPRESENTATION_CONTEXT(2) 
PARAMETRIC_REPRESENTATION_CONTEXT() REPRESENTATION_CONTEXT('2D SPACE',''
  ) );
#2168 = ORIENTED_EDGE('',*,*,#1851,.F.);
#2169 = ADVANCED_FACE('',(#2170),#1951,.T.);
#2170 = FACE_BOUND('',#2171,.T.);
#2171 = EDGE_LOOP('',(#2172,#2195,#2196,#2197));
#2172 = ORIENTED_EDGE('',*,*,#2173,.F.);
#2173 = EDGE_CURVE('',#2121,#2174,#2176,.T.);
#2174 = VERTEX_POINT('',#2175);
#2175 = CARTESIAN_POINT('',(-69.,-171.1,252.));
#2176 = SURFACE_CURVE('',#2177,(#2181,#2188),.PCURVE_S1.);
#2177 = LINE('',#2178,#2179);
#2178 = CARTESIAN_POINT('',(-69.,-171.1,48.));
#2179 = VECTOR('',#2180,1.);
#2180 = DIRECTION('',(0.,0.,1.));
#2181 = PCURVE('',#1951,#2182);
#2182 = DEFINITIONAL_REPRESENTATION('',(#2183),#2187);
#2183 = LINE('',#2184,#2185);
#2184 = CARTESIAN_POINT('',(0.,0.));
#2185 = VECTOR('',#2186,1.);
#2186 = DIRECTION('',(1.,0.));
#2187 = ( GEOMETRIC_REPRESENTATION_CONTEXT(2) 
PARAMETRIC_REPRESENTATION_CONTEXT() REPRESENTATION_CONTEXT('2D SPACE',''
  ) );
#2188 = PCURVE('',#2136,#2189);
#2189 = DEFINITIONAL_REPRESENTATION('',(#2190),#2194);
#2190 = LINE('',#2191,#2192);
#2191 = CARTESIAN_POINT('',(0.,72.));
#2192 = VECTOR('',#2193,1.);
#2193 = DIRECTION('',(1.,0.));
#2194 = ( GEOMETRIC_REPRESENTATION_CONTEXT(2) 
PARAMETRIC_REPRESENTATION_CONTEXT() REPRESENTATION_CONTEXT('2D SPACE',''
  ) );
#2195 = ORIENTED_EDGE('',*,*,#2148,.T.);
#2196 = ORIENTED_EDGE('',*,*,#1937,.T.);
#2197 = ORIENTED_EDGE('',*,*,#2198,.F.);
#2198 = EDGE_CURVE('',#2174,#1910,#2199,.T.);
#2199 = SURFACE_CURVE('',#2200,(#2204,#2211),.PCURVE_S1.);
#2200 = LINE('',#2201,#2202);
#2201 = CARTESIAN_POINT('',(-69.,-171.1,252.));
#2202 = VECTOR('',#2203,1.);
#2203 = DIRECTION('',(-0.,1.,0.));
#2204 = PCURVE('',#1951,#2205);
#2205 = DEFINITIONAL_REPRESENTATION('',(#2206),#2210);
#2206 = LINE('',#2207,#2208);
#2207 = CARTESIAN_POINT('',(204.,0.));
#2208 = VECTOR('',#2209,1.);
#2209 = DIRECTION('',(0.,-1.));
#2210 = ( GEOMETRIC_REPRESENTATION_CONTEXT(2) 
PARAMETRIC_REPRESENTATION_CONTEXT() REPRESENTATION_CONTEXT('2D SPACE',''
  ) );
#2211 = PCURVE('',#1925,#2212);
#2212 = DEFINITIONAL_REPRESENTATION('',(#2213),#2217);
#2213 = LINE('',#2214,#2215);
#2214 = CARTESIAN_POINT('',(72.,0.));
#2215 = VECTOR('',#2216,1.);
#2216 = DIRECTION('',(0.,1.));
#2217 = ( GEOMETRIC_REPRESENTATION_CONTEXT(2) 
PARAMETRIC_REPRESENTATION_CONTEXT() REPRESENTATION_CONTEXT('2D SPACE',''
  ) );
#2218 = ADVANCED_FACE('',(#2219),#1897,.F.);
#2219 = FACE_BOUND('',#2220,.F.);
#2220 = EDGE_LOOP('',(#2221,#2244,#2245,#2246));
#2221 = ORIENTED_EDGE('',*,*,#2222,.F.);
#2222 = EDGE_CURVE('',#2098,#2223,#2225,.T.);
#2223 = VERTEX_POINT('',#2224);
#2224 = CARTESIAN_POINT('',(-141.,-171.1,252.));
#2225 = SURFACE_CURVE('',#2226,(#2230,#2237),.PCURVE_S1.);
#2226 = LINE('',#2227,#2228);
#2227 = CARTESIAN_POINT('',(-141.,-171.1,48.));
#2228 = VECTOR('',#2229,1.);
#2229 = DIRECTION('',(0.,0.,1.));
#2230 = PCURVE('',#1897,#2231);
#2231 = DEFINITIONAL_REPRESENTATION('',(#2232),#2236);
#2232 = LINE('',#2233,#2234);
#2233 = CARTESIAN_POINT('',(0.,0.));
#2234 = VECTOR('',#2235,1.);
#2235 = DIRECTION('',(1.,0.));
#2236 = ( GEOMETRIC_REPRESENTATION_CONTEXT(2) 
PARAMETRIC_REPRESENTATION_CONTEXT() REPRESENTATION_CONTEXT('2D SPACE',''
  ) );
#2237 = PCURVE('',#2136,#2238);
#2238 = DEFINITIONAL_REPRESENTATION('',(#2239),#2243);
#2239 = LINE('',#2240,#2241);
#2240 = CARTESIAN_POINT('',(0.,0.));
#2241 = VECTOR('',#2242,1.);
#2242 = DIRECTION('',(1.,0.));
#2243 = ( GEOMETRIC_REPRESENTATION_CONTEXT(2) 
PARAMETRIC_REPRESENTATION_CONTEXT() REPRESENTATION_CONTEXT('2D SPACE',''
  ) );
#2244 = ORIENTED_EDGE('',*,*,#2097,.T.);
#2245 = ORIENTED_EDGE('',*,*,#1881,.T.);
#2246 = ORIENTED_EDGE('',*,*,#2247,.F.);
#2247 = EDGE_CURVE('',#2223,#1882,#2248,.T.);
#2248 = SURFACE_CURVE('',#2249,(#2253,#2260),.PCURVE_S1.);
#2249 = LINE('',#2250,#2251);
#2250 = CARTESIAN_POINT('',(-141.,-171.1,252.));
#2251 = VECTOR('',#2252,1.);
#2252 = DIRECTION('',(-0.,1.,0.));
#2253 = PCURVE('',#1897,#2254);
#2254 = DEFINITIONAL_REPRESENTATION('',(#2255),#2259);
#2255 = LINE('',#2256,#2257);
#2256 = CARTESIAN_POINT('',(204.,0.));
#2257 = VECTOR('',#2258,1.);
#2258 = DIRECTION('',(0.,-1.));
#2259 = ( GEOMETRIC_REPRESENTATION_CONTEXT(2) 
PARAMETRIC_REPRESENTATION_CONTEXT() REPRESENTATION_CONTEXT('2D SPACE',''
  ) );
#2260 = PCURVE('',#1925,#2261);
#2261 = DEFINITIONAL_REPRESENTATION('',(#2262),#2266);
#2262 = LINE('',#2263,#2264);
#2263 = CARTESIAN_POINT('',(0.,0.));
#2264 = VECTOR('',#2265,1.);
#2265 = DIRECTION('',(0.,1.));
#2266 = ( GEOMETRIC_REPRESENTATION_CONTEXT(2) 
PARAMETRIC_REPRESENTATION_CONTEXT() REPRESENTATION_CONTEXT('2D SPACE',''
  ) );
#2267 = ADVANCED_FACE('',(#2268),#1925,.T.);
#2268 = FACE_BOUND('',#2269,.T.);
#2269 = EDGE_LOOP('',(#2270,#2271,#2292,#2293));
#2270 = ORIENTED_EDGE('',*,*,#2247,.F.);
#2271 = ORIENTED_EDGE('',*,*,#2272,.T.);
#2272 = EDGE_CURVE('',#2223,#2174,#2273,.T.);
#2273 = SURFACE_CURVE('',#2274,(#2278,#2285),.PCURVE_S1.);
#2274 = LINE('',#2275,#2276);
#2275 = CARTESIAN_POINT('',(-141.,-171.1,252.));
#2276 = VECTOR('',#2277,1.);
#2277 = DIRECTION('',(1.,0.,-0.));
#2278 = PCURVE('',#1925,#2279);
#2279 = DEFINITIONAL_REPRESENTATION('',(#2280),#2284);
#2280 = LINE('',#2281,#2282);
#2281 = CARTESIAN_POINT('',(0.,0.));
#2282 = VECTOR('',#2283,1.);
#2283 = DIRECTION('',(1.,0.));
#2284 = ( GEOMETRIC_REPRESENTATION_CONTEXT(2) 
PARAMETRIC_REPRESENTATION_CONTEXT() REPRESENTATION_CONTEXT('2D SPACE',''
  ) );
#2285 = PCURVE('',#2136,#2286);
#2286 = DEFINITIONAL_REPRESENTATION('',(#2287),#2291);
#2287 = LINE('',#2288,#2289);
#2288 = CARTESIAN_POINT('',(204.,0.));
#2289 = VECTOR('',#2290,1.);
#2290 = DIRECTION('',(0.,1.));
#2291 = ( GEOMETRIC_REPRESENTATION_CONTEXT(2) 
PARAMETRIC_REPRESENTATION_CONTEXT() REPRESENTATION_CONTEXT('2D SPACE',''
  ) );
#2292 = ORIENTED_EDGE('',*,*,#2198,.T.);
#2293 = ORIENTED_EDGE('',*,*,#1909,.F.);
#2294 = ADVANCED_FACE('',(#2295),#1990,.F.);
#2295 = FACE_BOUND('',#2296,.F.);
#2296 = EDGE_LOOP('',(#2297,#2320,#2348,#2369));
#2297 = ORIENTED_EDGE('',*,*,#2298,.F.);
#2298 = EDGE_CURVE('',#2299,#1973,#2301,.T.);
#2299 = VERTEX_POINT('',#2300);
#2300 = CARTESIAN_POINT('',(69.,-171.1,48.));
#2301 = SURFACE_CURVE('',#2302,(#2306,#2313),.PCURVE_S1.);
#2302 = LINE('',#2303,#2304);
#2303 = CARTESIAN_POINT('',(69.,-171.1,48.));
#2304 = VECTOR('',#2305,1.);
#2305 = DIRECTION('',(-0.,1.,0.));
#2306 = PCURVE('',#1990,#2307);
#2307 = DEFINITIONAL_REPRESENTATION('',(#2308),#2312);
#2308 = LINE('',#2309,#2310);
#2309 = CARTESIAN_POINT('',(0.,0.));
#2310 = VECTOR('',#2311,1.);
#2311 = DIRECTION('',(0.,1.));
#2312 = ( GEOMETRIC_REPRESENTATION_CONTEXT(2) 
PARAMETRIC_REPRESENTATION_CONTEXT() REPRESENTATION_CONTEXT('2D SPACE',''
  ) );
#2313 = PCURVE('',#2018,#2314);
#2314 = DEFINITIONAL_REPRESENTATION('',(#2315),#2319);
#2315 = LINE('',#2316,#2317);
#2316 = CARTESIAN_POINT('',(0.,0.));
#2317 = VECTOR('',#2318,1.);
#2318 = DIRECTION('',(0.,-1.));
#2319 = ( GEOMETRIC_REPRESENTATION_CONTEXT(2) 
PARAMETRIC_REPRESENTATION_CONTEXT() REPRESENTATION_CONTEXT('2D SPACE',''
  ) );
#2320 = ORIENTED_EDGE('',*,*,#2321,.T.);
#2321 = EDGE_CURVE('',#2299,#2322,#2324,.T.);
#2322 = VERTEX_POINT('',#2323);
#2323 = CARTESIAN_POINT('',(141.,-171.1,48.));
#2324 = SURFACE_CURVE('',#2325,(#2329,#2336),.PCURVE_S1.);
#2325 = LINE('',#2326,#2327);
#2326 = CARTESIAN_POINT('',(69.,-171.1,48.));
#2327 = VECTOR('',#2328,1.);
#2328 = DIRECTION('',(1.,0.,-0.));
#2329 = PCURVE('',#1990,#2330);
#2330 = DEFINITIONAL_REPRESENTATION('',(#2331),#2335);
#2331 = LINE('',#2332,#2333);
#2332 = CARTESIAN_POINT('',(0.,0.));
#2333 = VECTOR('',#2334,1.);
#2334 = DIRECTION('',(1.,0.));
#2335 = ( GEOMETRIC_REPRESENTATION_CONTEXT(2) 
PARAMETRIC_REPRESENTATION_CONTEXT() REPRESENTATION_CONTEXT('2D SPACE',''
  ) );
#2336 = PCURVE('',#2337,#2342);
#2337 = PLANE('',#2338);
#2338 = AXIS2_PLACEMENT_3D('',#2339,#2340,#2341);
#2339 = CARTESIAN_POINT('',(69.,-171.1,48.));
#2340 = DIRECTION('',(-0.,1.,0.));
#2341 = DIRECTION('',(0.,0.,1.));
#2342 = DEFINITIONAL_REPRESENTATION('',(#2343),#2347);
#2343 = LINE('',#2344,#2345);
#2344 = CARTESIAN_POINT('',(0.,0.));
#2345 = VECTOR('',#2346,1.);
#2346 = DIRECTION('',(0.,1.));
#2347 = ( GEOMETRIC_REPRESENTATION_CONTEXT(2) 
PARAMETRIC_REPRESENTATION_CONTEXT() REPRESENTATION_CONTEXT('2D SPACE',''
  ) );
#2348 = ORIENTED_EDGE('',*,*,#2349,.T.);
#2349 = EDGE_CURVE('',#2322,#1975,#2350,.T.);
#2350 = SURFACE_CURVE('',#2351,(#2355,#2362),.PCURVE_S1.);
#2351 = LINE('',#2352,#2353);
#2352 = CARTESIAN_POINT('',(141.,-171.1,48.));
#2353 = VECTOR('',#2354,1.);
#2354 = DIRECTION('',(-0.,1.,0.));
#2355 = PCURVE('',#1990,#2356);
#2356 = DEFINITIONAL_REPRESENTATION('',(#2357),#2361);
#2357 = LINE('',#2358,#2359);
#2358 = CARTESIAN_POINT('',(72.,0.));
#2359 = VECTOR('',#2360,1.);
#2360 = DIRECTION('',(0.,1.));
#2361 = ( GEOMETRIC_REPRESENTATION_CONTEXT(2) 
PARAMETRIC_REPRESENTATION_CONTEXT() REPRESENTATION_CONTEXT('2D SPACE',''
  ) );
#2362 = PCURVE('',#2072,#2363);
#2363 = DEFINITIONAL_REPRESENTATION('',(#2364),#2368);
#2364 = LINE('',#2365,#2366);
#2365 = CARTESIAN_POINT('',(0.,0.));
#2366 = VECTOR('',#2367,1.);
#2367 = DIRECTION('',(0.,-1.));
#2368 = ( GEOMETRIC_REPRESENTATION_CONTEXT(2) 
PARAMETRIC_REPRESENTATION_CONTEXT() REPRESENTATION_CONTEXT('2D SPACE',''
  ) );
#2369 = ORIENTED_EDGE('',*,*,#1972,.F.);
#2370 = ADVANCED_FACE('',(#2371),#2072,.T.);
#2371 = FACE_BOUND('',#2372,.T.);
#2372 = EDGE_LOOP('',(#2373,#2396,#2397,#2398));
#2373 = ORIENTED_EDGE('',*,*,#2374,.F.);
#2374 = EDGE_CURVE('',#2322,#2375,#2377,.T.);
#2375 = VERTEX_POINT('',#2376);
#2376 = CARTESIAN_POINT('',(141.,-171.1,252.));
#2377 = SURFACE_CURVE('',#2378,(#2382,#2389),.PCURVE_S1.);
#2378 = LINE('',#2379,#2380);
#2379 = CARTESIAN_POINT('',(141.,-171.1,48.));
#2380 = VECTOR('',#2381,1.);
#2381 = DIRECTION('',(0.,0.,1.));
#2382 = PCURVE('',#2072,#2383);
#2383 = DEFINITIONAL_REPRESENTATION('',(#2384),#2388);
#2384 = LINE('',#2385,#2386);
#2385 = CARTESIAN_POINT('',(0.,0.));
#2386 = VECTOR('',#2387,1.);
#2387 = DIRECTION('',(1.,0.));
#2388 = ( GEOMETRIC_REPRESENTATION_CONTEXT(2) 
PARAMETRIC_REPRESENTATION_CONTEXT() REPRESENTATION_CONTEXT('2D SPACE',''
  ) );
#2389 = PCURVE('',#2337,#2390);
#2390 = DEFINITIONAL_REPRESENTATION('',(#2391),#2395);
#2391 = LINE('',#2392,#2393);
#2392 = CARTESIAN_POINT('',(0.,72.));
#2393 = VECTOR('',#2394,1.);
#2394 = DIRECTION('',(1.,0.));
#2395 = ( GEOMETRIC_REPRESENTATION_CONTEXT(2) 
PARAMETRIC_REPRESENTATION_CONTEXT() REPRESENTATION_CONTEXT('2D SPACE',''
  ) );
#2396 = ORIENTED_EDGE('',*,*,#2349,.T.);
#2397 = ORIENTED_EDGE('',*,*,#2058,.T.);
#2398 = ORIENTED_EDGE('',*,*,#2399,.F.);
#2399 = EDGE_CURVE('',#2375,#2031,#2400,.T.);
#2400 = SURFACE_CURVE('',#2401,(#2405,#2412),.PCURVE_S1.);
#2401 = LINE('',#2402,#2403);
#2402 = CARTESIAN_POINT('',(141.,-171.1,252.));
#2403 = VECTOR('',#2404,1.);
#2404 = DIRECTION('',(-0.,1.,0.));
#2405 = PCURVE('',#2072,#2406);
#2406 = DEFINITIONAL_REPRESENTATION('',(#2407),#2411);
#2407 = LINE('',#2408,#2409);
#2408 = CARTESIAN_POINT('',(204.,0.));
#2409 = VECTOR('',#2410,1.);
#2410 = DIRECTION('',(0.,-1.));
#2411 = ( GEOMETRIC_REPRESENTATION_CONTEXT(2) 
PARAMETRIC_REPRESENTATION_CONTEXT() REPRESENTATION_CONTEXT('2D SPACE',''
  ) );
#2412 = PCURVE('',#2046,#2413);
#2413 = DEFINITIONAL_REPRESENTATION('',(#2414),#2418);
#2414 = LINE('',#2415,#2416);
#2415 = CARTESIAN_POINT('',(72.,0.));
#2416 = VECTOR('',#2417,1.);
#2417 = DIRECTION('',(0.,1.));
#2418 = ( GEOMETRIC_REPRESENTATION_CONTEXT(2) 
PARAMETRIC_REPRESENTATION_CONTEXT() REPRESENTATION_CONTEXT('2D SPACE',''
  ) );
#2419 = ADVANCED_FACE('',(#2420),#2018,.F.);
#2420 = FACE_BOUND('',#2421,.F.);
#2421 = EDGE_LOOP('',(#2422,#2445,#2446,#2447));
#2422 = ORIENTED_EDGE('',*,*,#2423,.F.);
#2423 = EDGE_CURVE('',#2299,#2424,#2426,.T.);
#2424 = VERTEX_POINT('',#2425);
#2425 = CARTESIAN_POINT('',(69.,-171.1,252.));
#2426 = SURFACE_CURVE('',#2427,(#2431,#2438),.PCURVE_S1.);
#2427 = LINE('',#2428,#2429);
#2428 = CARTESIAN_POINT('',(69.,-171.1,48.));
#2429 = VECTOR('',#2430,1.);
#2430 = DIRECTION('',(0.,0.,1.));
#2431 = PCURVE('',#2018,#2432);
#2432 = DEFINITIONAL_REPRESENTATION('',(#2433),#2437);
#2433 = LINE('',#2434,#2435);
#2434 = CARTESIAN_POINT('',(0.,0.));
#2435 = VECTOR('',#2436,1.);
#2436 = DIRECTION('',(1.,0.));
#2437 = ( GEOMETRIC_REPRESENTATION_CONTEXT(2) 
PARAMETRIC_REPRESENTATION_CONTEXT() REPRESENTATION_CONTEXT('2D SPACE',''
  ) );
#2438 = PCURVE('',#2337,#2439);
#2439 = DEFINITIONAL_REPRESENTATION('',(#2440),#2444);
#2440 = LINE('',#2441,#2442);
#2441 = CARTESIAN_POINT('',(0.,0.));
#2442 = VECTOR('',#2443,1.);
#2443 = DIRECTION('',(1.,0.));
#2444 = ( GEOMETRIC_REPRESENTATION_CONTEXT(2) 
PARAMETRIC_REPRESENTATION_CONTEXT() REPRESENTATION_CONTEXT('2D SPACE',''
  ) );
#2445 = ORIENTED_EDGE('',*,*,#2298,.T.);
#2446 = ORIENTED_EDGE('',*,*,#2002,.T.);
#2447 = ORIENTED_EDGE('',*,*,#2448,.F.);
#2448 = EDGE_CURVE('',#2424,#2003,#2449,.T.);
#2449 = SURFACE_CURVE('',#2450,(#2454,#2461),.PCURVE_S1.);
#2450 = LINE('',#2451,#2452);
#2451 = CARTESIAN_POINT('',(69.,-171.1,252.));
#2452 = VECTOR('',#2453,1.);
#2453 = DIRECTION('',(-0.,1.,0.));
#2454 = PCURVE('',#2018,#2455);
#2455 = DEFINITIONAL_REPRESENTATION('',(#2456),#2460);
#2456 = LINE('',#2457,#2458);
#2457 = CARTESIAN_POINT('',(204.,0.));
#2458 = VECTOR('',#2459,1.);
#2459 = DIRECTION('',(0.,-1.));
#2460 = ( GEOMETRIC_REPRESENTATION_CONTEXT(2) 
PARAMETRIC_REPRESENTATION_CONTEXT() REPRESENTATION_CONTEXT('2D SPACE',''
  ) );
#2461 = PCURVE('',#2046,#2462);
#2462 = DEFINITIONAL_REPRESENTATION('',(#2463),#2467);
#2463 = LINE('',#2464,#2465);
#2464 = CARTESIAN_POINT('',(0.,0.));
#2465 = VECTOR('',#2466,1.);
#2466 = DIRECTION('',(0.,1.));
#2467 = ( GEOMETRIC_REPRESENTATION_CONTEXT(2) 
PARAMETRIC_REPRESENTATION_CONTEXT() REPRESENTATION_CONTEXT('2D SPACE',''
  ) );
#2468 = ADVANCED_FACE('',(#2469),#2046,.T.);
#2469 = FACE_BOUND('',#2470,.T.);
#2470 = EDGE_LOOP('',(#2471,#2472,#2493,#2494));
#2471 = ORIENTED_EDGE('',*,*,#2448,.F.);
#2472 = ORIENTED_EDGE('',*,*,#2473,.T.);
#2473 = EDGE_CURVE('',#2424,#2375,#2474,.T.);
#2474 = SURFACE_CURVE('',#2475,(#2479,#2486),.PCURVE_S1.);
#2475 = LINE('',#2476,#2477);
#2476 = CARTESIAN_POINT('',(69.,-171.1,252.));
#2477 = VECTOR('',#2478,1.);
#2478 = DIRECTION('',(1.,0.,-0.));
#2479 = PCURVE('',#2046,#2480);
#2480 = DEFINITIONAL_REPRESENTATION('',(#2481),#2485);
#2481 = LINE('',#2482,#2483);
#2482 = CARTESIAN_POINT('',(0.,0.));
#2483 = VECTOR('',#2484,1.);
#2484 = DIRECTION('',(1.,0.));
#2485 = ( GEOMETRIC_REPRESENTATION_CONTEXT(2) 
PARAMETRIC_REPRESENTATION_CONTEXT() REPRESENTATION_CONTEXT('2D SPACE',''
  ) );
#2486 = PCURVE('',#2337,#2487);
#2487 = DEFINITIONAL_REPRESENTATION('',(#2488),#2492);
#2488 = LINE('',#2489,#2490);
#2489 = CARTESIAN_POINT('',(204.,0.));
#2490 = VECTOR('',#2491,1.);
#2491 = DIRECTION('',(0.,1.));
#2492 = ( GEOMETRIC_REPRESENTATION_CONTEXT(2) 
PARAMETRIC_REPRESENTATION_CONTEXT() REPRESENTATION_CONTEXT('2D SPACE',''
  ) );
#2493 = ORIENTED_EDGE('',*,*,#2399,.T.);
#2494 = ORIENTED_EDGE('',*,*,#2030,.F.);
#2495 = ADVANCED_FACE('',(#2496),#2136,.F.);
#2496 = FACE_BOUND('',#2497,.F.);
#2497 = EDGE_LOOP('',(#2498,#2499,#2500,#2501));
#2498 = ORIENTED_EDGE('',*,*,#2120,.F.);
#2499 = ORIENTED_EDGE('',*,*,#2222,.T.);
#2500 = ORIENTED_EDGE('',*,*,#2272,.T.);
#2501 = ORIENTED_EDGE('',*,*,#2173,.F.);
#2502 = ADVANCED_FACE('',(#2503),#2337,.F.);
#2503 = FACE_BOUND('',#2504,.F.);
#2504 = EDGE_LOOP('',(#2505,#2506,#2507,#2508));
#2505 = ORIENTED_EDGE('',*,*,#2321,.F.);
#2506 = ORIENTED_EDGE('',*,*,#2423,.T.);
#2507 = ORIENTED_EDGE('',*,*,#2473,.T.);
#2508 = ORIENTED_EDGE('',*,*,#2374,.F.);
#2509 = ORIENTED_CLOSED_SHELL('',*,#2510,.F.);
#2510 = CLOSED_SHELL('',(#2511,#2797,#2832,#2862,#2869,#2876));
#2511 = ADVANCED_FACE('',(#2512,#2599,#2698),#2526,.T.);
#2512 = FACE_BOUND('',#2513,.T.);
#2513 = EDGE_LOOP('',(#2514,#2544,#2571,#2572));
#2514 = ORIENTED_EDGE('',*,*,#2515,.T.);
#2515 = EDGE_CURVE('',#2516,#2518,#2520,.T.);
#2516 = VERTEX_POINT('',#2517);
#2517 = CARTESIAN_POINT('',(142.,-3.477996909578E-14,12.));
#2518 = VERTEX_POINT('',#2519);
#2519 = CARTESIAN_POINT('',(142.,-3.477996909578E-14,288.));
#2520 = SEAM_CURVE('',#2521,(#2525,#2537),.PCURVE_S1.);
#2521 = LINE('',#2522,#2523);
#2522 = CARTESIAN_POINT('',(142.,-3.477996909578E-14,-1.));
#2523 = VECTOR('',#2524,1.);
#2524 = DIRECTION('',(0.,0.,1.));
#2525 = PCURVE('',#2526,#2531);
#2526 = CYLINDRICAL_SURFACE('',#2527,142.);
#2527 = AXIS2_PLACEMENT_3D('',#2528,#2529,#2530);
#2528 = CARTESIAN_POINT('',(0.,0.,-1.));
#2529 = DIRECTION('',(0.,0.,1.));
#2530 = DIRECTION('',(1.,0.,-0.));
#2531 = DEFINITIONAL_REPRESENTATION('',(#2532),#2536);
#2532 = LINE('',#2533,#2534);
#2533 = CARTESIAN_POINT('',(6.28318530718,-0.));
#2534 = VECTOR('',#2535,1.);
#2535 = DIRECTION('',(0.,1.));
#2536 = ( GEOMETRIC_REPRESENTATION_CONTEXT(2) 
PARAMETRIC_REPRESENTATION_CONTEXT() REPRESENTATION_CONTEXT('2D SPACE',''
  ) );
#2537 = PCURVE('',#2526,#2538);
#2538 = DEFINITIONAL_REPRESENTATION('',(#2539),#2543);
#2539 = LINE('',#2540,#2541);
#2540 = CARTESIAN_POINT('',(0.,-0.));
#2541 = VECTOR('',#2542,1.);
#2542 = DIRECTION('',(0.,1.));
#2543 = ( GEOMETRIC_REPRESENTATION_CONTEXT(2) 
PARAMETRIC_REPRESENTATION_CONTEXT() REPRESENTATION_CONTEXT('2D SPACE',''
  ) );
#2544 = ORIENTED_EDGE('',*,*,#2545,.F.);
#2545 = EDGE_CURVE('',#2518,#2518,#2546,.T.);
#2546 = SURFACE_CURVE('',#2547,(#2552,#2559),.PCURVE_S1.);
#2547 = CIRCLE('',#2548,142.);
#2548 = AXIS2_PLACEMENT_3D('',#2549,#2550,#2551);
#2549 = CARTESIAN_POINT('',(0.,0.,288.));
#2550 = DIRECTION('',(0.,0.,1.));
#2551 = DIRECTION('',(1.,0.,-0.));
#2552 = PCURVE('',#2526,#2553);
#2553 = DEFINITIONAL_REPRESENTATION('',(#2554),#2558);
#2554 = LINE('',#2555,#2556);
#2555 = CARTESIAN_POINT('',(0.,289.));
#2556 = VECTOR('',#2557,1.);
#2557 = DIRECTION('',(1.,0.));
#2558 = ( GEOMETRIC_REPRESENTATION_CONTEXT(2) 
PARAMETRIC_REPRESENTATION_CONTEXT() REPRESENTATION_CONTEXT('2D SPACE',''
  ) );
#2559 = PCURVE('',#2560,#2565);
#2560 = PLANE('',#2561);
#2561 = AXIS2_PLACEMENT_3D('',#2562,#2563,#2564);
#2562 = CARTESIAN_POINT('',(0.,0.,288.));
#2563 = DIRECTION('',(0.,0.,1.));
#2564 = DIRECTION('',(1.,0.,-0.));
#2565 = DEFINITIONAL_REPRESENTATION('',(#2566),#2570);
#2566 = CIRCLE('',#2567,142.);
#2567 = AXIS2_PLACEMENT_2D('',#2568,#2569);
#2568 = CARTESIAN_POINT('',(0.,0.));
#2569 = DIRECTION('',(1.,0.));
#2570 = ( GEOMETRIC_REPRESENTATION_CONTEXT(2) 
PARAMETRIC_REPRESENTATION_CONTEXT() REPRESENTATION_CONTEXT('2D SPACE',''
  ) );
#2571 = ORIENTED_EDGE('',*,*,#2515,.F.);
#2572 = ORIENTED_EDGE('',*,*,#2573,.T.);
#2573 = EDGE_CURVE('',#2516,#2516,#2574,.T.);
#2574 = SURFACE_CURVE('',#2575,(#2580,#2587),.PCURVE_S1.);
#2575 = CIRCLE('',#2576,142.);
#2576 = AXIS2_PLACEMENT_3D('',#2577,#2578,#2579);
#2577 = CARTESIAN_POINT('',(0.,0.,12.));
#2578 = DIRECTION('',(0.,0.,1.));
#2579 = DIRECTION('',(1.,0.,-0.));
#2580 = PCURVE('',#2526,#2581);
#2581 = DEFINITIONAL_REPRESENTATION('',(#2582),#2586);
#2582 = LINE('',#2583,#2584);
#2583 = CARTESIAN_POINT('',(0.,13.));
#2584 = VECTOR('',#2585,1.);
#2585 = DIRECTION('',(1.,0.));
#2586 = ( GEOMETRIC_REPRESENTATION_CONTEXT(2) 
PARAMETRIC_REPRESENTATION_CONTEXT() REPRESENTATION_CONTEXT('2D SPACE',''
  ) );
#2587 = PCURVE('',#2588,#2593);
#2588 = PLANE('',#2589);
#2589 = AXIS2_PLACEMENT_3D('',#2590,#2591,#2592);
#2590 = CARTESIAN_POINT('',(0.,0.,12.));
#2591 = DIRECTION('',(0.,0.,1.));
#2592 = DIRECTION('',(1.,0.,-0.));
#2593 = DEFINITIONAL_REPRESENTATION('',(#2594),#2598);
#2594 = CIRCLE('',#2595,142.);
#2595 = AXIS2_PLACEMENT_2D('',#2596,#2597);
#2596 = CARTESIAN_POINT('',(0.,0.));
#2597 = DIRECTION('',(1.,0.));
#2598 = ( GEOMETRIC_REPRESENTATION_CONTEXT(2) 
PARAMETRIC_REPRESENTATION_CONTEXT() REPRESENTATION_CONTEXT('2D SPACE',''
  ) );
#2599 = FACE_BOUND('',#2600,.T.);
#2600 = EDGE_LOOP('',(#2601,#2630,#2654,#2676));
#2601 = ORIENTED_EDGE('',*,*,#2602,.T.);
#2602 = EDGE_CURVE('',#2603,#2605,#2607,.T.);
#2603 = VERTEX_POINT('',#2604);
#2604 = CARTESIAN_POINT('',(-111.,-88.56071363759,83.7));
#2605 = VERTEX_POINT('',#2606);
#2606 = CARTESIAN_POINT('',(-111.,-88.56071363759,216.3));
#2607 = SURFACE_CURVE('',#2608,(#2612,#2619),.PCURVE_S1.);
#2608 = LINE('',#2609,#2610);
#2609 = CARTESIAN_POINT('',(-111.,-88.56071363759,-1.));
#2610 = VECTOR('',#2611,1.);
#2611 = DIRECTION('',(0.,0.,1.));
#2612 = PCURVE('',#2526,#2613);
#2613 = DEFINITIONAL_REPRESENTATION('',(#2614),#2618);
#2614 = LINE('',#2615,#2616);
#2615 = CARTESIAN_POINT('',(3.815017741512,0.));
#2616 = VECTOR('',#2617,1.);
#2617 = DIRECTION('',(0.,1.));
#2618 = ( GEOMETRIC_REPRESENTATION_CONTEXT(2) 
PARAMETRIC_REPRESENTATION_CONTEXT() REPRESENTATION_CONTEXT('2D SPACE',''
  ) );
#2619 = PCURVE('',#2620,#2625);
#2620 = CYLINDRICAL_SURFACE('',#2621,142.);
#2621 = AXIS2_PLACEMENT_3D('',#2622,#2623,#2624);
#2622 = CARTESIAN_POINT('',(0.,0.,-1.));
#2623 = DIRECTION('',(0.,0.,1.));
#2624 = DIRECTION('',(1.,0.,-0.));
#2625 = DEFINITIONAL_REPRESENTATION('',(#2626),#2629);
#2626 = B_SPLINE_CURVE_WITH_KNOTS('',1,(#2627,#2628),.UNSPECIFIED.,.F.,
  .F.,(2,2),(71.44,230.56),.PIECEWISE_BEZIER_KNOTS.);
#2627 = CARTESIAN_POINT('',(3.815017741512,71.44));
#2628 = CARTESIAN_POINT('',(3.815017741512,230.56));
#2629 = ( GEOMETRIC_REPRESENTATION_CONTEXT(2) 
PARAMETRIC_REPRESENTATION_CONTEXT() REPRESENTATION_CONTEXT('2D SPACE',''
  ) );
#2630 = ORIENTED_EDGE('',*,*,#2631,.T.);
#2631 = EDGE_CURVE('',#2605,#2632,#2634,.T.);
#2632 = VERTEX_POINT('',#2633);
#2633 = CARTESIAN_POINT('',(-99.,-101.7988212112,216.3));
#2634 = SURFACE_CURVE('',#2635,(#2640,#2647),.PCURVE_S1.);
#2635 = CIRCLE('',#2636,142.);
#2636 = AXIS2_PLACEMENT_3D('',#2637,#2638,#2639);
#2637 = CARTESIAN_POINT('',(0.,0.,216.3));
#2638 = DIRECTION('',(0.,0.,1.));
#2639 = DIRECTION('',(1.,0.,-0.));
#2640 = PCURVE('',#2526,#2641);
#2641 = DEFINITIONAL_REPRESENTATION('',(#2642),#2646);
#2642 = LINE('',#2643,#2644);
#2643 = CARTESIAN_POINT('',(0.,217.3));
#2644 = VECTOR('',#2645,1.);
#2645 = DIRECTION('',(1.,0.));
#2646 = ( GEOMETRIC_REPRESENTATION_CONTEXT(2) 
PARAMETRIC_REPRESENTATION_CONTEXT() REPRESENTATION_CONTEXT('2D SPACE',''
  ) );
#2647 = PCURVE('',#2620,#2648);
#2648 = DEFINITIONAL_REPRESENTATION('',(#2649),#2653);
#2649 = LINE('',#2650,#2651);
#2650 = CARTESIAN_POINT('',(0.,217.3));
#2651 = VECTOR('',#2652,1.);
#2652 = DIRECTION('',(1.,0.));
#2653 = ( GEOMETRIC_REPRESENTATION_CONTEXT(2) 
PARAMETRIC_REPRESENTATION_CONTEXT() REPRESENTATION_CONTEXT('2D SPACE',''
  ) );
#2654 = ORIENTED_EDGE('',*,*,#2655,.F.);
#2655 = EDGE_CURVE('',#2656,#2632,#2658,.T.);
#2656 = VERTEX_POINT('',#2657);
#2657 = CARTESIAN_POINT('',(-99.,-101.7988212112,83.7));
#2658 = SURFACE_CURVE('',#2659,(#2663,#2670),.PCURVE_S1.);
#2659 = LINE('',#2660,#2661);
#2660 = CARTESIAN_POINT('',(-99.,-101.7988212112,-1.));
#2661 = VECTOR('',#2662,1.);
#2662 = DIRECTION('',(0.,0.,1.));
#2663 = PCURVE('',#2526,#2664);
#2664 = DEFINITIONAL_REPRESENTATION('',(#2665),#2669);
#2665 = LINE('',#2666,#2667);
#2666 = CARTESIAN_POINT('',(3.94092834891,0.));
#2667 = VECTOR('',#2668,1.);
#2668 = DIRECTION('',(0.,1.));
#2669 = ( GEOMETRIC_REPRESENTATION_CONTEXT(2) 
PARAMETRIC_REPRESENTATION_CONTEXT() REPRESENTATION_CONTEXT('2D SPACE',''
  ) );
#2670 = PCURVE('',#2620,#2671);
#2671 = DEFINITIONAL_REPRESENTATION('',(#2672),#2675);
#2672 = B_SPLINE_CURVE_WITH_KNOTS('',1,(#2673,#2674),.UNSPECIFIED.,.F.,
  .F.,(2,2),(71.44,230.56),.PIECEWISE_BEZIER_KNOTS.);
#2673 = CARTESIAN_POINT('',(3.94092834891,71.44));
#2674 = CARTESIAN_POINT('',(3.94092834891,230.56));
#2675 = ( GEOMETRIC_REPRESENTATION_CONTEXT(2) 
PARAMETRIC_REPRESENTATION_CONTEXT() REPRESENTATION_CONTEXT('2D SPACE',''
  ) );
#2676 = ORIENTED_EDGE('',*,*,#2677,.F.);
#2677 = EDGE_CURVE('',#2603,#2656,#2678,.T.);
#2678 = SURFACE_CURVE('',#2679,(#2684,#2691),.PCURVE_S1.);
#2679 = CIRCLE('',#2680,142.);
#2680 = AXIS2_PLACEMENT_3D('',#2681,#2682,#2683);
#2681 = CARTESIAN_POINT('',(0.,0.,83.7));
#2682 = DIRECTION('',(0.,0.,1.));
#2683 = DIRECTION('',(1.,0.,-0.));
#2684 = PCURVE('',#2526,#2685);
#2685 = DEFINITIONAL_REPRESENTATION('',(#2686),#2690);
#2686 = LINE('',#2687,#2688);
#2687 = CARTESIAN_POINT('',(0.,84.7));
#2688 = VECTOR('',#2689,1.);
#2689 = DIRECTION('',(1.,0.));
#2690 = ( GEOMETRIC_REPRESENTATION_CONTEXT(2) 
PARAMETRIC_REPRESENTATION_CONTEXT() REPRESENTATION_CONTEXT('2D SPACE',''
  ) );
#2691 = PCURVE('',#2620,#2692);
#2692 = DEFINITIONAL_REPRESENTATION('',(#2693),#2697);
#2693 = LINE('',#2694,#2695);
#2694 = CARTESIAN_POINT('',(0.,84.7));
#2695 = VECTOR('',#2696,1.);
#2696 = DIRECTION('',(1.,0.));
#2697 = ( GEOMETRIC_REPRESENTATION_CONTEXT(2) 
PARAMETRIC_REPRESENTATION_CONTEXT() REPRESENTATION_CONTEXT('2D SPACE',''
  ) );
#2698 = FACE_BOUND('',#2699,.T.);
#2699 = EDGE_LOOP('',(#2700,#2729,#2753,#2775));
#2700 = ORIENTED_EDGE('',*,*,#2701,.T.);
#2701 = EDGE_CURVE('',#2702,#2704,#2706,.T.);
#2702 = VERTEX_POINT('',#2703);
#2703 = CARTESIAN_POINT('',(99.,-101.7988212112,83.7));
#2704 = VERTEX_POINT('',#2705);
#2705 = CARTESIAN_POINT('',(99.,-101.7988212112,216.3));
#2706 = SURFACE_CURVE('',#2707,(#2711,#2718),.PCURVE_S1.);
#2707 = LINE('',#2708,#2709);
#2708 = CARTESIAN_POINT('',(99.,-101.7988212112,-1.));
#2709 = VECTOR('',#2710,1.);
#2710 = DIRECTION('',(0.,0.,1.));
#2711 = PCURVE('',#2526,#2712);
#2712 = DEFINITIONAL_REPRESENTATION('',(#2713),#2717);
#2713 = LINE('',#2714,#2715);
#2714 = CARTESIAN_POINT('',(5.483849611859,0.));
#2715 = VECTOR('',#2716,1.);
#2716 = DIRECTION('',(0.,1.));
#2717 = ( GEOMETRIC_REPRESENTATION_CONTEXT(2) 
PARAMETRIC_REPRESENTATION_CONTEXT() REPRESENTATION_CONTEXT('2D SPACE',''
  ) );
#2718 = PCURVE('',#2719,#2724);
#2719 = CYLINDRICAL_SURFACE('',#2720,142.);
#2720 = AXIS2_PLACEMENT_3D('',#2721,#2722,#2723);
#2721 = CARTESIAN_POINT('',(0.,0.,-1.));
#2722 = DIRECTION('',(0.,0.,1.));
#2723 = DIRECTION('',(1.,0.,-0.));
#2724 = DEFINITIONAL_REPRESENTATION('',(#2725),#2728);
#2725 = B_SPLINE_CURVE_WITH_KNOTS('',1,(#2726,#2727),.UNSPECIFIED.,.F.,
  .F.,(2,2),(71.44,230.56),.PIECEWISE_BEZIER_KNOTS.);
#2726 = CARTESIAN_POINT('',(5.483849611859,71.44));
#2727 = CARTESIAN_POINT('',(5.483849611859,230.56));
#2728 = ( GEOMETRIC_REPRESENTATION_CONTEXT(2) 
PARAMETRIC_REPRESENTATION_CONTEXT() REPRESENTATION_CONTEXT('2D SPACE',''
  ) );
#2729 = ORIENTED_EDGE('',*,*,#2730,.T.);
#2730 = EDGE_CURVE('',#2704,#2731,#2733,.T.);
#2731 = VERTEX_POINT('',#2732);
#2732 = CARTESIAN_POINT('',(111.,-88.56071363759,216.3));
#2733 = SURFACE_CURVE('',#2734,(#2739,#2746),.PCURVE_S1.);
#2734 = CIRCLE('',#2735,142.);
#2735 = AXIS2_PLACEMENT_3D('',#2736,#2737,#2738);
#2736 = CARTESIAN_POINT('',(0.,0.,216.3));
#2737 = DIRECTION('',(0.,0.,1.));
#2738 = DIRECTION('',(1.,0.,-0.));
#2739 = PCURVE('',#2526,#2740);
#2740 = DEFINITIONAL_REPRESENTATION('',(#2741),#2745);
#2741 = LINE('',#2742,#2743);
#2742 = CARTESIAN_POINT('',(0.,217.3));
#2743 = VECTOR('',#2744,1.);
#2744 = DIRECTION('',(1.,0.));
#2745 = ( GEOMETRIC_REPRESENTATION_CONTEXT(2) 
PARAMETRIC_REPRESENTATION_CONTEXT() REPRESENTATION_CONTEXT('2D SPACE',''
  ) );
#2746 = PCURVE('',#2719,#2747);
#2747 = DEFINITIONAL_REPRESENTATION('',(#2748),#2752);
#2748 = LINE('',#2749,#2750);
#2749 = CARTESIAN_POINT('',(0.,217.3));
#2750 = VECTOR('',#2751,1.);
#2751 = DIRECTION('',(1.,0.));
#2752 = ( GEOMETRIC_REPRESENTATION_CONTEXT(2) 
PARAMETRIC_REPRESENTATION_CONTEXT() REPRESENTATION_CONTEXT('2D SPACE',''
  ) );
#2753 = ORIENTED_EDGE('',*,*,#2754,.F.);
#2754 = EDGE_CURVE('',#2755,#2731,#2757,.T.);
#2755 = VERTEX_POINT('',#2756);
#2756 = CARTESIAN_POINT('',(111.,-88.56071363759,83.7));
#2757 = SURFACE_CURVE('',#2758,(#2762,#2769),.PCURVE_S1.);
#2758 = LINE('',#2759,#2760);
#2759 = CARTESIAN_POINT('',(111.,-88.56071363759,-1.));
#2760 = VECTOR('',#2761,1.);
#2761 = DIRECTION('',(0.,0.,1.));
#2762 = PCURVE('',#2526,#2763);
#2763 = DEFINITIONAL_REPRESENTATION('',(#2764),#2768);
#2764 = LINE('',#2765,#2766);
#2765 = CARTESIAN_POINT('',(5.609760219258,0.));
#2766 = VECTOR('',#2767,1.);
#2767 = DIRECTION('',(0.,1.));
#2768 = ( GEOMETRIC_REPRESENTATION_CONTEXT(2) 
PARAMETRIC_REPRESENTATION_CONTEXT() REPRESENTATION_CONTEXT('2D SPACE',''
  ) );
#2769 = PCURVE('',#2719,#2770);
#2770 = DEFINITIONAL_REPRESENTATION('',(#2771),#2774);
#2771 = B_SPLINE_CURVE_WITH_KNOTS('',1,(#2772,#2773),.UNSPECIFIED.,.F.,
  .F.,(2,2),(71.44,230.56),.PIECEWISE_BEZIER_KNOTS.);
#2772 = CARTESIAN_POINT('',(5.609760219258,71.44));
#2773 = CARTESIAN_POINT('',(5.609760219258,230.56));
#2774 = ( GEOMETRIC_REPRESENTATION_CONTEXT(2) 
PARAMETRIC_REPRESENTATION_CONTEXT() REPRESENTATION_CONTEXT('2D SPACE',''
  ) );
#2775 = ORIENTED_EDGE('',*,*,#2776,.F.);
#2776 = EDGE_CURVE('',#2702,#2755,#2777,.T.);
#2777 = SURFACE_CURVE('',#2778,(#2783,#2790),.PCURVE_S1.);
#2778 = CIRCLE('',#2779,142.);
#2779 = AXIS2_PLACEMENT_3D('',#2780,#2781,#2782);
#2780 = CARTESIAN_POINT('',(0.,0.,83.7));
#2781 = DIRECTION('',(0.,0.,1.));
#2782 = DIRECTION('',(1.,0.,-0.));
#2783 = PCURVE('',#2526,#2784);
#2784 = DEFINITIONAL_REPRESENTATION('',(#2785),#2789);
#2785 = LINE('',#2786,#2787);
#2786 = CARTESIAN_POINT('',(0.,84.7));
#2787 = VECTOR('',#2788,1.);
#2788 = DIRECTION('',(1.,0.));
#2789 = ( GEOMETRIC_REPRESENTATION_CONTEXT(2) 
PARAMETRIC_REPRESENTATION_CONTEXT() REPRESENTATION_CONTEXT('2D SPACE',''
  ) );
#2790 = PCURVE('',#2719,#2791);
#2791 = DEFINITIONAL_REPRESENTATION('',(#2792),#2796);
#2792 = LINE('',#2793,#2794);
#2793 = CARTESIAN_POINT('',(0.,84.7));
#2794 = VECTOR('',#2795,1.);
#2795 = DIRECTION('',(1.,0.));
#2796 = ( GEOMETRIC_REPRESENTATION_CONTEXT(2) 
PARAMETRIC_REPRESENTATION_CONTEXT() REPRESENTATION_CONTEXT('2D SPACE',''
  ) );
#2797 = ADVANCED_FACE('',(#2798,#2801),#2588,.F.);
#2798 = FACE_BOUND('',#2799,.F.);
#2799 = EDGE_LOOP('',(#2800));
#2800 = ORIENTED_EDGE('',*,*,#2573,.T.);
#2801 = FACE_BOUND('',#2802,.F.);
#2802 = EDGE_LOOP('',(#2803));
#2803 = ORIENTED_EDGE('',*,*,#2804,.F.);
#2804 = EDGE_CURVE('',#2805,#2805,#2807,.T.);
#2805 = VERTEX_POINT('',#2806);
#2806 = CARTESIAN_POINT('',(123.,-3.012631125902E-14,12.));
#2807 = SURFACE_CURVE('',#2808,(#2813,#2820),.PCURVE_S1.);
#2808 = CIRCLE('',#2809,123.);
#2809 = AXIS2_PLACEMENT_3D('',#2810,#2811,#2812);
#2810 = CARTESIAN_POINT('',(0.,0.,12.));
#2811 = DIRECTION('',(0.,0.,1.));
#2812 = DIRECTION('',(1.,0.,-0.));
#2813 = PCURVE('',#2588,#2814);
#2814 = DEFINITIONAL_REPRESENTATION('',(#2815),#2819);
#2815 = CIRCLE('',#2816,123.);
#2816 = AXIS2_PLACEMENT_2D('',#2817,#2818);
#2817 = CARTESIAN_POINT('',(0.,0.));
#2818 = DIRECTION('',(1.,0.));
#2819 = ( GEOMETRIC_REPRESENTATION_CONTEXT(2) 
PARAMETRIC_REPRESENTATION_CONTEXT() REPRESENTATION_CONTEXT('2D SPACE',''
  ) );
#2820 = PCURVE('',#2821,#2826);
#2821 = CYLINDRICAL_SURFACE('',#2822,123.);
#2822 = AXIS2_PLACEMENT_3D('',#2823,#2824,#2825);
#2823 = CARTESIAN_POINT('',(0.,0.,0.));
#2824 = DIRECTION('',(0.,0.,1.));
#2825 = DIRECTION('',(1.,0.,-0.));
#2826 = DEFINITIONAL_REPRESENTATION('',(#2827),#2831);
#2827 = LINE('',#2828,#2829);
#2828 = CARTESIAN_POINT('',(0.,12.));
#2829 = VECTOR('',#2830,1.);
#2830 = DIRECTION('',(1.,0.));
#2831 = ( GEOMETRIC_REPRESENTATION_CONTEXT(2) 
PARAMETRIC_REPRESENTATION_CONTEXT() REPRESENTATION_CONTEXT('2D SPACE',''
  ) );
#2832 = ADVANCED_FACE('',(#2833,#2836),#2560,.T.);
#2833 = FACE_BOUND('',#2834,.T.);
#2834 = EDGE_LOOP('',(#2835));
#2835 = ORIENTED_EDGE('',*,*,#2545,.T.);
#2836 = FACE_BOUND('',#2837,.T.);
#2837 = EDGE_LOOP('',(#2838));
#2838 = ORIENTED_EDGE('',*,*,#2839,.F.);
#2839 = EDGE_CURVE('',#2840,#2840,#2842,.T.);
#2840 = VERTEX_POINT('',#2841);
#2841 = CARTESIAN_POINT('',(123.,-3.012631125902E-14,288.));
#2842 = SURFACE_CURVE('',#2843,(#2848,#2855),.PCURVE_S1.);
#2843 = CIRCLE('',#2844,123.);
#2844 = AXIS2_PLACEMENT_3D('',#2845,#2846,#2847);
#2845 = CARTESIAN_POINT('',(0.,0.,288.));
#2846 = DIRECTION('',(0.,0.,1.));
#2847 = DIRECTION('',(1.,0.,-0.));
#2848 = PCURVE('',#2560,#2849);
#2849 = DEFINITIONAL_REPRESENTATION('',(#2850),#2854);
#2850 = CIRCLE('',#2851,123.);
#2851 = AXIS2_PLACEMENT_2D('',#2852,#2853);
#2852 = CARTESIAN_POINT('',(0.,0.));
#2853 = DIRECTION('',(1.,0.));
#2854 = ( GEOMETRIC_REPRESENTATION_CONTEXT(2) 
PARAMETRIC_REPRESENTATION_CONTEXT() REPRESENTATION_CONTEXT('2D SPACE',''
  ) );
#2855 = PCURVE('',#2821,#2856);
#2856 = DEFINITIONAL_REPRESENTATION('',(#2857),#2861);
#2857 = LINE('',#2858,#2859);
#2858 = CARTESIAN_POINT('',(0.,288.));
#2859 = VECTOR('',#2860,1.);
#2860 = DIRECTION('',(1.,0.));
#2861 = ( GEOMETRIC_REPRESENTATION_CONTEXT(2) 
PARAMETRIC_REPRESENTATION_CONTEXT() REPRESENTATION_CONTEXT('2D SPACE',''
  ) );
#2862 = ADVANCED_FACE('',(#2863),#2620,.T.);
#2863 = FACE_BOUND('',#2864,.T.);
#2864 = EDGE_LOOP('',(#2865,#2866,#2867,#2868));
#2865 = ORIENTED_EDGE('',*,*,#2631,.F.);
#2866 = ORIENTED_EDGE('',*,*,#2602,.F.);
#2867 = ORIENTED_EDGE('',*,*,#2677,.T.);
#2868 = ORIENTED_EDGE('',*,*,#2655,.T.);
#2869 = ADVANCED_FACE('',(#2870),#2719,.T.);
#2870 = FACE_BOUND('',#2871,.T.);
#2871 = EDGE_LOOP('',(#2872,#2873,#2874,#2875));
#2872 = ORIENTED_EDGE('',*,*,#2730,.F.);
#2873 = ORIENTED_EDGE('',*,*,#2701,.F.);
#2874 = ORIENTED_EDGE('',*,*,#2776,.T.);
#2875 = ORIENTED_EDGE('',*,*,#2754,.T.);
#2876 = ADVANCED_FACE('',(#2877),#2821,.F.);
#2877 = FACE_BOUND('',#2878,.F.);
#2878 = EDGE_LOOP('',(#2879,#2880,#2901,#2902));
#2879 = ORIENTED_EDGE('',*,*,#2839,.F.);
#2880 = ORIENTED_EDGE('',*,*,#2881,.F.);
#2881 = EDGE_CURVE('',#2805,#2840,#2882,.T.);
#2882 = SEAM_CURVE('',#2883,(#2887,#2894),.PCURVE_S1.);
#2883 = LINE('',#2884,#2885);
#2884 = CARTESIAN_POINT('',(123.,-3.012631125902E-14,0.));
#2885 = VECTOR('',#2886,1.);
#2886 = DIRECTION('',(0.,0.,1.));
#2887 = PCURVE('',#2821,#2888);
#2888 = DEFINITIONAL_REPRESENTATION('',(#2889),#2893);
#2889 = LINE('',#2890,#2891);
#2890 = CARTESIAN_POINT('',(6.28318530718,-0.));
#2891 = VECTOR('',#2892,1.);
#2892 = DIRECTION('',(0.,1.));
#2893 = ( GEOMETRIC_REPRESENTATION_CONTEXT(2) 
PARAMETRIC_REPRESENTATION_CONTEXT() REPRESENTATION_CONTEXT('2D SPACE',''
  ) );
#2894 = PCURVE('',#2821,#2895);
#2895 = DEFINITIONAL_REPRESENTATION('',(#2896),#2900);
#2896 = LINE('',#2897,#2898);
#2897 = CARTESIAN_POINT('',(0.,-0.));
#2898 = VECTOR('',#2899,1.);
#2899 = DIRECTION('',(0.,1.));
#2900 = ( GEOMETRIC_REPRESENTATION_CONTEXT(2) 
PARAMETRIC_REPRESENTATION_CONTEXT() REPRESENTATION_CONTEXT('2D SPACE',''
  ) );
#2901 = ORIENTED_EDGE('',*,*,#2804,.T.);
#2902 = ORIENTED_EDGE('',*,*,#2881,.T.);
#2903 = ( GEOMETRIC_REPRESENTATION_CONTEXT(3) 
GLOBAL_UNCERTAINTY_ASSIGNED_CONTEXT((#2907)) 
GLOBAL_UNIT_ASSIGNED_CONTEXT((#2904,#2905,#2906)) REPRESENTATION_CONTEXT
('Context #1','3D Context with UNIT and UNCERTAINTY') );
#2904 = ( LENGTH_UNIT() NAMED_UNIT(*) SI_UNIT(.MILLI.,.METRE.) );
#2905 = ( NAMED_UNIT(*) PLANE_ANGLE_UNIT() SI_UNIT($,.RADIAN.) );
#2906 = ( NAMED_UNIT(*) SI_UNIT($,.STERADIAN.) SOLID_ANGLE_UNIT() );
#2907 = UNCERTAINTY_MEASURE_WITH_UNIT(LENGTH_MEASURE(1.E-07),#2904,
  'distance_accuracy_value','confusion accuracy');
#2908 = PRODUCT_RELATED_PRODUCT_CATEGORY('part',$,(#7));
ENDSEC;
END-ISO-10303-21;
